题目,简介,作者,出版社,日期,关键字
机器学习输入阶段的著作权侵权风险及应对策略  CNKI文献,近年来随着技术的不断进步，机器学习作为生成式人工智能的核心技术，在各个领域的应用持续扩展深化。机器学习输入阶段采集的训练数据主要包括以下2种：一是不受著作权法保护的数据；二是受著作权法保护的作品。就前者而言，学界对数据的保护还存在争议，本文不进行讨论。就受著作权法保护的作品而言，如果未经权利人授权，人工智能研发公司擅自复制作品，可能会落入以复制权为核心的专有权利的控制范围内...,来佳洋,《中阿科技论坛(中英文)》,2024年10期,"关键词：机器学习 / 生成式人工智能 / 著作权 / 复制权
下载（102）|被引（0）"
基于人工智能与机器学习的集中供热系统设备维护的应用研究  CNKI文献,0引言 在当今社会，集中供热系统作为重要的能源设施，对于确保供暖和能源效率至关重要。然而，这些系统在长期运行中存在着诸多设备故障和效率下降的问题。随着人工智能（AI）和机器学习（ML）等新兴技术的日益发展，这些技术在集中供热系统设备运维中的数据分析、预测性维护和优化方法等方面的应用潜力日益突显。为提高设备运行的效率，减少维护成本，延长设备寿命提供更大空间与更多可能。因此，对于集中供热...,董瑞,《绿色建造与智能建筑》,2024年10期,"关键词：人工智能 / 机器学习 / 集中供热系统 / 设备维护
下载（0）|被引（0）"
机器学习在白酒产地溯源研究中的应用进展  CNKI文献,"0引言 白酒产地(产区)对于白酒产品经济价值具有重要影响。国内消费市场上一直存在“川酒云烟”的说法,四川等白酒优质产区奠定了特定产区白酒产品的高品质基础,赋予了产区内白酒产品更高的经济价值,从而获得更高的市场溢价。白酒优质产区具有得天独厚的自然条件,是出产高品质白酒的关键影响因素之一,是白酒产业高质量发展的重要基础,白酒产区保护受到了高度重视。受高额经济利益驱使以及信息不对称等因素的影响,当前国...",程铁辕 肖宇 薛康 赵宇舒 刘俊 郭云霞 胡江涛,《食品安全质量检测学报》,2024年18期,"关键词：机器学习 / 白酒 / 产地溯源 / 算法
下载（24）|被引（0）"
可解释机器学习在油气领域人工智能中的研究进展与应用展望  CNKI文献,0 引言 当前我国油气对外依存度较高，为保障国家能源安全，从战略层面上需要加强油气资源的勘探开发。但是，随着常规油气的日益枯竭，剩余的可采油气资源大部分属于较难开采的非常规油气[1-2]。在这一背景下，人工智能与油气工业的深度融合，已成为推动油田企业实现规模增产的重要手段[3]。与数值模拟和实验研究等方法相比，通过拟合无法使用机理模型描述的油气田开发数据方式，基于机器学习（Machi...,闵超 文国权 李小刚 赵大志 李昆成,《天然气工业》,2024年09期,"关键词：油气田勘探开发 / 人工智能 / 机器学习 / 可解释机器学习
下载（461）|被引（0）"
基于机器学习技术的汉字字体设计方法综述研究  CNKI文献,字体是指字符呈现的视觉特征，是字符结构和笔画在样式风格上的视觉效果。不同视觉效果的字体需要通过字体的设计工作来完成，然而，由于汉字字符的结构与笔画复杂、字符的数量庞大以及繁琐的设计方法导致传统的汉字字体设计成为一项艰巨的工作。随着数智时代的不断发展，人工智能在艺术创意领域展现出巨大的创作潜力，探索机器学习技术在汉字字体设计方面的应用，以期达到替代传统工作的目的，已成为目前设计学科与计算...,周雅琴 武志鹏,《艺术与设计(理论)》,2024年09期,"关键词：字体设计 / 人工智能 / 机器学习 / 字体生成
下载（67）|被引（0）"
人工智能背景下机器学习课程教学改革路径探索  CNKI文献,开放科学（资源服务）标识码(OSID) 0 引言 为了推动人工智能行业的进步，党的二十大报告明确指出，把人工智能作为推进战略性新兴产业融合集群发展的驱动力，促进智能技术的创新，并且积极推动区域经济社会数字化、智能化的转型刻不容缓。可以看出，国家层面一直在关心人工智能领域的发展，并且出台了相应政策来推动其进步，期望人工智能为各行各业乃至各个领域的发展提供助力[1]。机器学习课程作为人...,陈蕾 张礼,《电脑知识与技术》,2024年26期,"关键词：人工智能 / 机器学习 / 教学改革 / 教学实践
下载（37）|被引（0）"
公共管理研究中的机器学习方法——原理、应用及挑战  CNKI文献,一、引言 当下的社会正处于一个数字爆炸、信息爆炸的时代，党的二十大报告更是提出了加快建设“网络中国、数字中国”的迫切要求。在第四次科技革命中，芯片产业的迅速发展与互联网技术对人们日常生活的渗透使得机器学习蓬勃生长：一方面，高算力低成本的GPU(图形处理器)使人工智能的生产与应用脱离企业，走向民间，机器学习不再是一种高门槛的技术；另一方面，数字经济发展孕育的海量数据也为~#...,刘闻博 王丛虎,《公共管理与政策评论》,2024年05期,"关键词：公共管理研究 / 研究方法 / 机器学习 / 公共价值
下载（1288）|被引（0）"
新质生产力时代要求背景下的大学机器学习课程探索与研究  CNKI文献,当今社会正处于技术驱动的快速发展时期，人工智能和机器学习等前沿技术成为推动社会进步和经济增长的关键驱动力[1-2]，培养具备机器学习知识和技能的大学生，成了社会进步和产业发展的共同需求[3-5]。与此同时，习近平总书记提出了发展新质生产力的时代要求，大力发展新质生产力是我国在新发展阶段构筑国家竞争新优势的战略选择[6-7]，这对当代大学生提出了更高的要求。因此，如何培养大学...,焦文华 李丽娟 张印强 梅雪 王莉 刘芃,《创新创业理论研究与实践》,2024年17期,"关键词：新质生产力 / 创新人才 / 产教融合 / 机器学习
下载（41）|被引（0）"
机器学习强化的电化学阻抗谱技术及其在锂离子电池研究中的应用  CNKI文献,"锂离子电池因其高能量密度和长循环寿命，在全球能源结构转型和现代储能技术应用中扮演了核心角色。随着电气化的不断发展，动力电池和储能电池的需求激增[1],2022年电动车销量超过1000万辆，电动汽车销量持续增长，到2024年可能达到约1700万辆，占全球销量汽车的五分之一以上[2]。在实际使用过程中人们不仅对锂离子电池的性能提出更高要求，更对电池使用的安全性和可靠性形成广泛关注[3-4]。在可靠性研...",何智峰 陶远哲 胡泳钢 王其聪 杨勇,《储能科学与技术》,2024年09期,"关键词：锂离子电池 / 电化学阻抗谱 / 机器学习 / 寿命预测
下载（505）|被引（0）"
基于机器学习的时空出行选择行为研究综述与展望  CNKI文献,时空出行选择行为模型是交通需求分析与预测的基石，为交通系统政策制定、运营管理和系统优化提供了可靠的决策支撑。20世纪60年代，McFadden[1]将可操作性极强的Logit模型和个人随机效用理论结合，时空出行选择行为的建模方法得到迅速发展。20世纪70年代，经典离散选择模型在旧金山湾沿岸高速铁道需求预测中的成功应用，使得非集计分析模型和方法在快速城市化进程中大显身手[2]。在随后的几十年中，学者...,王江波 连芝锐 冯涛 唐立 刘锴,《地理科学进展》,2024年08期,"关键词：时空出行选择行为 / 非集计模型 / 机器学习 / 可解释性
下载（553）|被引（0）"
机器学习在无线电领域的典型应用与挑战  CNKI文献,1机器学习 机器学习是一种通过数据训练模型，并通过模型进行预测和决策的技术，主要包括数据采集、数据探索和预处理、模型的建立和训练、模型评估与优化四个基本步骤。按照不同的分类方法，机器学习算法有多种分类结果，深度学习是机器学习算法中通过使用多层神经网络，处理大量复杂的、非结构化数据的新领域，在某些任务上的表现超越了传统的机器学习@#...,黎璐玫 王心尘 王晓冬,《中国无线电》,2024年08期,"关键词：机器学习 / 无线电 / 应用 / 挑战
下载（34）|被引（0）"
量子机器学习算法研究概述  CNKI文献,0 引言 随着信息技术的飞速发展和大数据的涌现，传统计算机对数据的处理能力已经达到瓶颈。然而，机器学习作为一门交叉学科，已经对众多领域产生了深远的影响。机器学习算法核心旨在提取有价值的数据训练生成模型，利用模型对数据进行预测与分析，并不断优化、提升模型的性能。同时，第二次量子科技革命催生出量子计算等新兴技术，其中量子计算因具有独特的性质（量子叠加性和并行性），能够实现对数...,侯敏,《通讯世界》,2024年08期,"关键词：机器学习 / 量子机器学习 / 量子计算 / 人工智能
下载（254）|被引（0）"
遥感卫星任务智能决策的机器学习方法研究  CNKI文献,遥感卫星任务智能是智能对地观测卫星系统(IEOS)的关键技术之一[1-3]。遥感卫星的任务决策通常采用地面或星上任务规划实现[4]。任务规划软件制定任务的决策策略，包括用户任务需求、卫星基本配置参数、地面系统可用资源、分系统约束条件、分系统间时序匹配、决策优化调度算法、最终指令生成等[5]。任务决策过程可以描述为任务规划软件根据用户需求和可用资源在满足当前卫星各分系统(如姿态控制、载荷、数传)匹配...,杨芳 景丽萍 黄敏 陈雄姿 田帅虎 王抒雁 张宝昕,《航天器工程》,2024年04期,"关键词：遥感卫星 / 任务智能决策 / 机器学习 / 样本模型
下载（148）|被引（0）"
机器学习在特殊教育研究中的应用与展望  CNKI文献,"1 引言 机器学习作为人工智能的重要分支，是一种通过算法使机器在经验数据中自动学习规律的计算机程序[1],其核心在于通过数据驱动的方法论，从大量数据中提取关键特征，并基于这些特征构建模型，从而在未知情境中做出智能响应[2]。在教育领域，机器学习已展现出其巨大的潜力，尤其在支持服务、教学预测、教育环境、教育评价、教学模式等方面[3],其优势已经得到了...",陈建军 李泓仪 刘佃振 李涛 宿淑华,《中国特殊教育》,2024年08期,"关键词：机器学习 / 特殊教育研究 / 赋能 / 未来展望
下载（243）|被引（0）"
机器学习在环境分析检测中的应用研究进展  CNKI文献,人类工业革命以来，许多环境问题都直接或间接与化学品有关。化学品污染已被联合国环境规划署列为影响人类生存与发展的全球重大环境问题之一[1]。为了评价化学品排放到环境后对环境造成的影响，人们必须准确、及时地了解当前环境中已经发现的有毒物质浓度是否超过安全阈值？还存在哪些潜在的有毒物质？它们从何而来？进入环境后发生什么变化？可能造成什么危害？而要回答好这些问题，环境分析检测技术必不可缺。环境分析检测技术...,刘思思 张波 李星颖 辛蕾 应光国 陈长二,《分析测试学报》,2024年08期,"关键词：环境分析化学 / 环境检测 / 机器学习 / 新污染物
下载（482）|被引（0）"
机器学习在信息系统管理中的应用分析  CNKI文献,信息系统是一个由计算机硬件、软件、数据和用户组成的系统，用于支持组织的各种业务和决策。随着多组织信息化的不断推进，信息系统在组织中扮演着越来越重要的角色。然而，信息系统管理仍然面临许多挑战，如基础设施的优化、数据的管理和分析、信息安全和用户支持等问题[1-3]。为了解决这些问题，研究者开始关注机器学习在信息系统管理中的应用。机器学习是一种基于数据驱动的算法，通过学习@...,李一 李爽,《科学咨询(科技·管理)》,2024年08期,"关键词：机器学习 / 信息系统 / 管理应用
下载（31）|被引（0）"
机器学习模型在软件工程中的研究与应用  CNKI文献,0 引言 随着大数据与人工智能的不断发展及大数据时代的到来，机器学习技术在软件工程中的研究日益广泛，涉及医疗信息、图像和语音识别及金融风控等多个领域。机器学习模型可以通过对数据集中的大量数据学习和分析，挖掘出数据中存在的规律，进而搭建预测分析模型，提高软件开发的效率和质量，推动软件工程的智能化发展。 1 机器学习概述 机器学习是人工...,王一丁 曾珺 马培兴,《信息与电脑(理论版)》,2024年15期,"关键词：机器学习 / 数据分析 / 软件工程
下载（76）|被引（0）"
机器学习伦理风险及其防控治理  CNKI文献,"目前，人类已迈入人工智能(Artifical Intelligence, 简称AI)时代，正向着智能化社会持续推进。牛津大学信息哲学教授卢西亚诺·弗洛里迪(Luciano Floridi)认为，人工智能是继哥白尼革命、达尔文革命、神经科学革命之后人类自我认知的“第四次革命”①。作为人工智能的前沿成果，ChatGPT自发布之日起五日内用户就超过了100万，截至2023年12月，ChatGPT 拥有约...",夏明月 陈冬阳,《山东社会科学》,2024年08期,"关键词：机器学习 / 伦理风险 / 人工智能 / 治理
下载（269）|被引（0）"
机器学习支持下的入侵检测技术探究  CNKI文献,0 引言 当前互联网已经成为人们日常生活中的重要组成部分，然而，网络入侵威胁日益严重，对个人隐私泄露与社会公共安全均造成了严重影响，因此需要及时对网络入侵采取有效的检测技术，从而确保网络安全。目前计算机网络系统防御入侵的主要手段是软硬件相结合的入侵检测系统，入侵检测系统能够通过对入侵行为、网络日志以及其他网络上获取的信息进行有效分析与识别，一旦检测到对网络的入侵意图，立即采取适当的解决方法进行处...,肖学玲 肖远军,《信息记录材料》,2024年08期,"关键词：机器学习 / 入侵检测技术 / 网络安全
下载（59）|被引（0）"
人工智能“机器学习”教学逆向设计的实践与思考  CNKI文献,随着科技的飞速发展，人工智能正深刻影响着我们生活的各个领域，人工智能教育的重要意义不言而喻。机器学习作为人工智能的核心分支，其教学对学生理解AI的概念和技能至关重要，如何在中学阶段采用合适的教学方式引导学生学习和理解人工智能，是目前信息技术教师积极探索和研究的方向。在传统教学设计中学生往往处于被动的学习状态，而逆向教学设计以终为始，从学习结果出发，确...,吴烜,《中国信息技术教育》,2024年15期,"关键词：逆向设计 / 人工智能 / 机器学习
下载（52）|被引（0）"
指向计算思维培养的人工智能教学实践研究——以初中《探秘机器学习》一课为例  CNKI文献,人工智能技术发展至今，已在图形识别、语音识别、生物识别、生成式人工智能(AIGC)等众多领域得到广泛应用，并展现出机器学习的突破性成就。我国近年来高度重视人工智能赋能教育的战略部署。自2017年国务院发布《新一代人工智能发展规划》以来，已逐步将人工智能教育纳入基础教育课程体系。《义务教育信息科技课程标准(2022年)》设立了人工智能的独立模块，全面覆盖应用实践、计算原理、伦理安全等内容...,原嫄,《中国现代教育装备》,2024年14期,"关键词：人工智能 / 机器学习 / 图形化编程 / 计算思维
下载（205）|被引（0）"
机器学习在智慧农业中的应用  CNKI文献,0 引言 目前我国尤其是西北地区农业呈现出作物多样性和对水资源的依赖性[1]。由于水资源相对匮乏，加之气候变化带来的不确定性，农业生产面临诸多挑战[2-3]。土地资源的利用压力也随着人口增长和经济发展而增大，这进一步要求农业实现可持续发展[4-5]。智慧农业的引入，尤其是机器学习技术的应用，为农业生产力和效率的提升提供了新的可能性。精准农业的实践，可以优化水资源和肥料的使用，同时预测...,杨嘉鹏 董荣,《农业工程》,2024年07期,"关键词：机器学习 / 智慧农业 / 农业应用 / 农业信息化
下载（301）|被引（0）"
类型化视角下机器学习的合理使用制度研究  CNKI文献,一、问题的提出 人工智能技术的飞跃式发展拉开了新一轮技术革命的序幕，与公有领域的信息不同，版权作品具有内容丰富、信息优质的特点，利用版权作品进行数据训练、优化算法是人工智能机器学习中必不可少的环节。目前，人工智能行业的发展正经历互联网发展早期“非法兴起”的阶段。1 1 在此背景下，有关机器学习的版权纠纷不断涌现。2024年2月28日，广州互联网法院就“全球AIGC平台...,江璐迪,《电子知识产权》,2024年07期,"关键词：人工智能 / 机器学习 / 合理使用 / 技术创新
下载（136）|被引（0）"
基于CDIO理念的研究生“机器学习”课程教学改革探索  CNKI文献,机器学习（Machine Learning）作为人工智能领域的一个重要分支，在过去几十年中取得了显著的发展。随着大数据、深度学习和自动化技术的兴起，机器学习已在各行各业产生了深远影响，越来越多行业开始认识到机器学习在社会工作中的巨大潜力。作为未来科技创新的关键驱动力之一，研究生专业知识和技能的培养已成为高等教育的当务之急[1]。 [1] 然而，传...,刘健 王雪松 袁小平,《科教导刊》,2024年19期,"关键词：CDIO理念 / 机器学习课程 / 研究生 / 教学改革
下载（58）|被引（0）"
数据科学与大数据技术专业机器学习课程的教学改革探索  CNKI文献,"一、引言 在当今信息爆炸的时代，大数据产业已成为推动社会进步和经济发展的战略性产业。[1]我国高度重视大数据产业发展，工业和信息化部发布《“十四五”大数据产业发展规划》,推动实施国家大数据战略。[2]各行各业对大数据处理与应用的需求正在迅速增长，相应地，对相关专业人才的需求也在日益增加。2016年2月，教育部新增数据科学与大数据技术本科专业，北京大学、对外经济贸易大学、中南大学成为首批开设院校。...",甘炎灵 徐鲁辉 夏海英,《教育观察》,2024年19期,"关键词：机器学习 / 数据科学与大数据技术 / 教学改革
下载（148）|被引（0）"
基于机器学习的加密流量分析与研究  CNKI文献,"西南石油大学 硕士 2022 TP393 基于机器学习的加密流量分析与研究 张荣华 刘智 网络空间安全 网络安全 流量分析是发现网络攻击的重要手段,通过对网络流量深度解析,可有效检测攻击并对攻击者进行画像(如分析操作系统)。但随着TLS协议大规模使用,传统流量分析方法难以分析流量内容,因此无法有效检测攻击。本文围绕加密流量,针对操作系统识别不够轻量化、恶意加密流量识别...",张荣华 导师:刘智,中国优秀硕士学位论文全文数据库, 2022-06-01 ,"关键词：加密流量 / 机器学习 / 主动学习 / 恶意检测
下载（12）|被引（0）"
基于机器学习的视频点播平台客户细分与保留策略研究  CNKI文献,哈尔滨商业大学 硕士 2024 基于机器学习的视频点播平台客户细分与保留策略研究 Research on Customer Segmentation and Retention Strategy of VOD Platform Based on Machine Learning 赵全盛 赵志杰 哈尔滨商业大学 电子商务 先进的无线技术和智能移动设备使用户几乎可以从任何...,赵全盛 导师:赵志杰,中国优秀硕士学位论文全文数据库, 2024-05-27 ,"关键词：视频点播平台 / RFM模型 / 客户保留 / 机器学习
下载（58）|被引（0）"
双流化床生物炭特性分析和VOCs吸附机器学习模型预测  CNKI文献,北京化工大学 硕士 2024 X511 双流化床生物炭特性分析和VOCs吸附机器学习模型预测 Characterzation of Dual Fluidized Bed Biochar and Prediction of VOCs Adsorption Via Machine Learning Model 陈远祥 代建军 北京化工大学 化学工程与技术 固废处理及资源...,陈远祥 导师:代建军,中国优秀硕士学位论文全文数据库, 2024-05-30 ,"关键词：双流化床 / 生物炭 / 挥发性有机物 / 机器学习
下载（48）|被引（0）"
基于机器学习的土壤As（Ⅴ）吸附与污染风险预测研究  CNKI文献,"中南林业科技大学 环境科学与工程学院 硕士 2024 基于机器学习的土壤As（Ⅴ）吸附与污染风险预测研究 Research on Soil as(Ⅴ) Adsorption and Pollution Risk Prediction Based on Machine Learning 周洲 冯冲凌；张轩 环境工程（专业学位） 湿地与矿山生态修复 砷(Arsenic,...",周洲 导师:冯冲凌;张轩,中国优秀硕士学位论文全文数据库, 2024-05-01 ,"关键词：砷吸附 / 机器学习算法 / 土壤理化性质 / 风险评估
下载（65）|被引（0）"
机器学习辅助氮掺杂生物质炭吸附去除水体中的重金属铅污染  CNKI文献,中南林业科技大学 生命与环境科学学院 硕士 2024 机器学习辅助氮掺杂生物质炭吸附去除水体中的重金属铅污染 Machine Learning-assisted Nitrogen-doped Biochar Adsorption to Remove Heavy Metal Lead Pollution in Water 李子石 苏荣葵 环境工程（专业学位） 水染控制工...,李子石 导师:苏荣葵,中国优秀硕士学位论文全文数据库, 2024-05-01 ,"关键词：生物质炭 / 重金属 / 机器学习 / 吸附效率
下载（103）|被引（0）"
基于机器学习的电商精准营销研究  CNKI文献,第一章 绪论 1 第一章 绪论 1.1 研究背景及意义 1.1.1 研究背景 随着互联网的普及，大数据时代下我国电子商务得到了快速的发展。在当 今社会，电子商务是企业与消费者之间的一种重要的交易方式。在中国，传统 的营销观念、方法和手段都无法与大规模的快速扩张和数量的快速增长相匹配， 因此，电子商务的营销方式正在逐步改变，从过去的粗放式发展到精确的集约 型，从而产生了精准营销。“...,叶甜甜 导师:苏海涛,中国优秀硕士学位论文全文数据库, 2024-06-05 ,"关键词：电子商务 / 精准营销 / 机器学习 / 推荐算法
下载（221）|被引（0）"
基于机器学习的可转债多因子量化策略设计  CNKI文献,中南财经政法大学 硕士 2023 基于机器学习的可转债多因子量化策略设计 Design of Multi-factor Quantitative Strategy for Convertible Bonds Based on Machine Learning 邓小洪 凌士勤；杨光星 金融（专业学位） 量化投资 作为我国资本市场重要组成部分和中小企业重要融资手段的可转债...,邓小洪 导师:凌士勤;杨光星,中国优秀硕士学位论文全文数据库, 2023-06-01 ,"关键词：可转债 / 多因子 / 量化投资 / 机器学习
下载（15）|被引（0）"
基于盈余公告事件的机器学习选股策略研究  CNKI文献,"中南财经政法大学 硕士 2023 基于盈余公告事件的机器学习选股策略研究 Research on Machine Learning Stock Selection Strategy Based on Earnings Announcement Events 王涛 凌士勤 金融工程 量化投资 随着我国资本市场的成熟和发展,量化交易与人工智能在A股上扮演着中越来越重要的角...",王涛 导师:凌士勤,中国优秀硕士学位论文全文数据库, 2023-06-01 ,"关键词：盈余公告 / 多因子模型 / XGBoost模型
下载（6）|被引（0）"
利用股票基本面因子改进的动量策略  CNKI文献,"中南财经政法大学 硕士 2023 利用股票基本面因子改进的动量策略 Improved Momentum Strategy Using Stock Fundamental Factors 基于机器学习方法 Based on Machine Learning 尹涵 凌士勤 金融工程 量化投资 随着我国资本市场的不断发展,机器学习与量化投资也逐步走入了人们的...",尹涵 导师:凌士勤,中国优秀硕士学位论文全文数据库, 2023-06-01 ,"关键词：动量 / 机器学习 / 量化投资
下载（7）|被引（0）"
基于机器学习的高血压肾病预测模型研究  CNKI文献,"重庆医科大学 硕士 2023 R544.1 基于机器学习的高血压肾病预测模型研究 Machine Learning-based Prediction Model for Hypertensive Nephropathy 王萧 王惠来 重庆医科大学附属大学城医院 医学信息学 目的:高血压肾病是由原发性高血压引起的肾脏结构和功能损害。如果发现不及时,干预滞后,很可能发展...",王萧 导师:王惠来,中国优秀硕士学位论文全文数据库, 2023-05-01 ,"关键词：原发性高血压 / 高血压肾病 / 机器学习 / 预测模型
下载（17）|被引（0）"
基于机器学习的天线优化与设计研究  CNKI文献,第一章 绪 论 1 第一章 绪 论 随着现代无线通信技术的发展，人们对于电磁波的传输机制和频谱分配有着 更为精细的划分。天线作为发射与接收电磁信号的载体，也随之面临着多元化的设 计要求，其结构与应用环境日趋复杂[1]。在天线设计优化中，工程师们需要不断调 试天线来满足不同的应用需求，这常常需要大量的时间与计算资源[2]。利用优化算 法辅助天线快速优化与设计具有重要的研究价值和意...,纪麟 导师:赵延文,中国优秀硕士学位论文全文数据库, 2024-04-03 ,"关键词：天线优化 / 高斯过程回归 / 支持向量机 / k近邻回归
下载（44）|被引（0）"
基于机器学习的家庭物联网入侵检测技术研究  CNKI文献,"第一章 绪论 1.1 研究背景和意义 随着物联网（Internet of Things, Io T）技术的飞速发展，接入互联网的物联网设备数 量持续增长，为人类的生活和工作带来了诸多便利。Io T Analytics 公司对全球物联网市 场进行了预测，如图1.1所示。预计到 2025 年，全球将有大约 270 亿台活跃的物联网设 备[1]。 State of Io T 4. Upda...",何峰 导师:童飞,中国优秀硕士学位论文全文数据库, 2023-06-02 ,"关键词：设备流量画像 / 实时入侵检测 / 开集识别
下载（25）|被引（0）"
基于可解释机器学习的公司债券违约预测研究  CNKI文献,"东南大学 硕士 2023 F832.5 基于可解释机器学习的公司债券违约预测研究 Corporate Bond Default Prediction Based on Explainable Machine Learning 唐欣 唐攀 金融学 金融工程 尹威 近年来,习近平总书记多次强调金融业向实体经济输血的重要性;2021年表决通过的“十四五”规划中也明确提出...",唐欣 导师:唐攀,中国优秀硕士学位论文全文数据库, 2023-05-25 ,"关键词：公司债违约 / 违约影响因素 / 机器学习模型 / 可解释机器学习模型
下载（34）|被引（0）"
文本类型理论下《图驱动的机器学习》（节选）英汉翻译实践报告  CNKI文献,Chapter One Introduction 1 Chapter One Introduction The last two decades have seen a growing trend towards the rapid advancement and widespread adoption of machine learning technologies a...,史佳艳 导师:魏全凤,中国优秀硕士学位论文全文数据库, 2024-04-18 ,"关键词：文本类型理论 / 凯瑟琳娜·莱斯 / 《图驱动的机器学习》
下载（31）|被引（0）"
基于机器学习的光催化去除NO性能预测及模型可解释性研究  CNKI文献,"第一章 绪论 1 第一章 绪论 1.1 研究背景及意义 良好的大气环境是确保人类健康和社会发展的先决条件。然而，当今全球许多 地区依然存在高于世界卫生组织（WHO）空气质量指导值的细颗粒物（PM2.5）浓 度以及不断增加的臭氧（O3）污染[1, 2]。这种污染状况会导致呼吸系统健康产生不 良影响，并对许多地区的农作物生长造成破坏[3]。作为形成 PM2.5 和 O3 的关键前驱 ...",李静 导师:孙艳娟,中国优秀硕士学位论文全文数据库, 2024-03-31 ,"关键词：机器学习 / 石墨相氮化碳 / 铋系材料 / 光催化
下载（46）|被引（0）"
机器学习驱动的镁、铝合金熔体结构与动力学模拟研究及其对凝固行为的影响  CNKI文献,吉林大学 材料科学与工程学院 博士 2024 TG146.2 机器学习驱动的镁、铝合金熔体结构与动力学模拟研究及其对凝固行为的影响 Machine Learning-driven Simulation Study of Structure and Dynamics in Magnesium and Aluminum Alloy Melts and Their Effects...,尤江 导师:王珵,中国博士学位论文全文数据库, 2024-06-01 ,"关键词：轻合金 / 金属熔体 / 短程有序结构 / 动力学
下载（283）|被引（0）"
基于机器学习的多元金属氧化物基催化剂的高效开发与性能研究  CNKI文献,浙江大学博士学位论文 1 绪论 1 1 绪论 1.1 研究背景 我国是全球最大的煤炭消费国。尽管近年来我国的能源消费结构在逐步优化，但 是以现有的技术及资源条件，以煤为主的能源消费模式在短期内仍难以改变[1]。如图 1.1 所示，2023 年我国能源消费总量达到 57.2 亿吨标准煤，其中煤炭消费占比达到 55.3%。能源领域是我国主要的二氧化碳（CO2）和大气污染物的排放来源，...,董毅 导师:高翔;郑成航;张霄,中国博士学位论文全文数据库, 2024-06-01 ,"关键词：催化剂研发 / 机器学习 / 金属氧化物 / 甲醇合成
下载（266）|被引（0）"
基于计算机视觉和机器学习的输电塔损伤识别方法研究  CNKI文献,第一章 绪 论 -1- 第一章 绪 论 1.1 研究背景及意义 我国随着经济社会的快速发展，用电需求大幅度增加，与此同时电网建设 也大规模展开，输电线路长度不断增加。根据《中国电力行业可靠性年度发展 报告. 2021》中的统计数据，如图 1-1 所示，截止 2021 年，全国 220k V 电压等 级及以上输电线路总长度为 82.5 万千米，按照每千米线路的输电塔...,张楷 导师:李玉学,中国博士学位论文全文数据库, 2024-06-01 ,"关键词：输电塔 / 损伤识别 / 计算机视觉 / 位移采集
下载（135）|被引（0）"
基于机器学习的地震灾害风险等级评估研究  CNKI文献,"防灾科技学院 硕士 2024 P315 基于机器学习的地震灾害风险等级评估研究 Research on Earthquake Disaster Risk Assessment Based on Machine Learning 宋其淇 朱红；周新 资源与环境（专业学位） 地震动力学与地球探测技术 地震,这一具有极大破坏力的自然灾难,对人类生命与财产构成了严峻挑战。中...",宋其淇 导师:朱红;周新,中国优秀硕士学位论文全文数据库, 2024-06-01 ,"关键词：地震灾害 / 风险等级评估 / 机器学习 / 堆叠模型
下载（208）|被引（0）"
机器学习辅助非晶合金相组成及玻璃形成能力的研究  CNKI文献,陕西理工大学 硕士 2024 TG146.2 机器学习辅助非晶合金相组成及玻璃形成能力的研究 Study on the Phase Composition and Glass-forming Ability of Amorphous Alloys Using Machine Learning Techniques 王琳 李培友 材料学 高强高韧材料开发与应用研究 近...,王琳 导师:李培友,中国优秀硕士学位论文全文数据库, 2024-06-01 ,"关键词：机器学习 / 非晶合金 / 相选择 / 非晶合金复合材料
下载（72）|被引（0）"
机器学习估算光催化降解有机污染物反应速率常数的研究  CNKI文献,山东师范大学 硕士 2024 TQ579 机器学习估算光催化降解有机污染物反应速率常数的研究 Study about Machine Learning for Estimating the Reaction Rate Constant of Photocatalytic Degradation of Organic Pollutants 杨文杰 唐波 化学工程与技术 ...,杨文杰 导师:唐波,中国优秀硕士学位论文全文数据库, 2024-06-01 ,"关键词：机器学习 / 光催化 / 有机污染物 / 反应速率常数
下载（174）|被引（0）"
基于机器学习的氨酰-tRNA合成酶催化性能改造  CNKI文献,浙江大学 硕士 2024 Q819 基于机器学习的氨酰-tRNA合成酶催化性能改造 Machine-learning-guided Engineering of aminoacyl-tRNA Synthetase for Improved Catalytic Performance 龙尚霖 吴坚平；于浩然；陈青松 生物与医药（专业学位） 林建平 向蛋白质中引入非天然...,龙尚霖 导师:吴坚平;于浩然;陈青松,中国优秀硕士学位论文全文数据库, 2024-06-01 ,"关键词：正交氨酰-tRNA合成酶 / 机器学习 / 酶工程 / 非天然氨基酸
下载（140）|被引（0）"
基于机器学习的石墨烯/铜复合材料分子动力学研究  CNKI文献,"长春工业大学 硕士 2024 TB333 基于机器学习的石墨烯/铜复合材料分子动力学研究 Molecular Dynamics Study of Graphene/Copper Composites Based on Machine Learning 毛彦东 高亮；李凯 工程硕士（专业学位） 石墨烯作为增强相可以显著提高铜基复合材料的强度、耐磨性和耐腐蚀性,在航空航天...",毛彦东 导师:高亮;李凯,中国优秀硕士学位论文全文数据库, 2024-06-01 ,"关键词：铜基复合材料 / 石墨烯 / 分子动力学 / 机器学习
下载（208）|被引（0）"
机器学习辅助的锈蚀PC梁抗剪承载力预测方法  CNKI文献,重庆交通大学 硕士 2024 U441.5 机器学习辅助的锈蚀PC梁抗剪承载力预测方法 Machine Learning-assisted Prediction Method for Shear Capacity of Corroded PC Beams 孟令涛 郭增伟 桥梁与隧道工程 钢筋混凝土(RC)和预应力钢筋混凝土(PC)结构的抗剪能力是保障结构安全的关键因素...,孟令涛 导师:郭增伟,中国优秀硕士学位论文全文数据库, 2024-06-01 ,"关键词：机器学习 / 遗传编程 / 锈蚀PC空心板梁 / 抗剪承载力
下载（71）|被引（0）"
基于复合参数机器学习模型的路面抗滑性能研究  CNKI文献,"重庆交通大学 硕士 2024 U416.2 基于复合参数机器学习模型的路面抗滑性能研究 Study on Road Surface Anti Slip Performance Based on Composite Parameter Machine Learning Model 张政奇 何小兵；彭毅 交通运输工程 路面抗滑性能直接影响着道路交通安全,良好的路面抗滑性能...",张政奇 导师:何小兵;彭毅,中国优秀硕士学位论文全文数据库, 2024-06-01 ,"关键词：路面抗滑 / 路面纹理 / 机器学习 / 图像降维
下载（44）|被引（0）"
基于同态加密的机器学习隐私保护算法研究  CNKI文献,"曲阜师范大学 计算机学院 硕士 2024 基于同态加密的机器学习隐私保护算法研究 张文丹 孙玉红 电子信息（专业学位） 近年来,机器学习与云计算的迅猛发展使得在云服务平台上执行大规模机器学习任务成为一种可行的解决方案。因为机器学习需要大量的数据信息进行训练,而云服务器提供了强大的计算服务能力,越来越多的用户开始选择使用基于云平台的~#...",张文丹 导师:孙玉红,中国优秀硕士学位论文全文数据库, 2024-06-01 ,"关键词：机器学习 / 部分同态加密 / 隐私保护 / 格式检查
下载（115）|被引（0）"
基于因子分析以及集成机器学习的岩质边坡稳定性预测模型  CNKI文献,"重庆交通大学 硕士 2024 U416 基于因子分析以及集成机器学习的岩质边坡稳定性预测模型 Prediction Model of Rock Slope Stability Based on Factor Analysis and Integrated Machine Learning 简典 叶四桥 市政工程（含给排水等）（专业学位） 截止2022年底,我国公路总里...",简典 导师:叶四桥,中国优秀硕士学位论文全文数据库, 2024-06-01 ,"关键词：机器学习 / 集成模型 / 边坡稳定性 / 岩质边坡
下载（127）|被引（1）"
机器学习驱动的盾构隧道施工地表沉降预测和控制研究  CNKI文献,广州大学 硕士 2024 机器学习驱动的盾构隧道施工地表沉降预测和控制研究 Research on Surface Settlement Prediction and Control in Shield Tunnel Construction Driven by Machine Learning 王泽盼 刘超 土木工程（专业学位） 隧道智能建造 盾构施工引起的地表沉降...,王泽盼 导师:刘超,中国优秀硕士学位论文全文数据库, 2024-06-01 ,"关键词：盾构隧道 / 机器学习 / 模型解释 / 沉降预测
下载（85）|被引（0）"
基于机器学习的混凝土损伤声发射定位研究  CNKI文献,"重庆交通大学 硕士 2024 TU528 基于机器学习的混凝土损伤声发射定位研究 Research on Acoustic Emission Localization of Concrete Damage Based on Machine Learning 邓嘉欣 王子仪 材料与化工（专业学位） 声发射技术可对混凝土内部损伤进行实时监测与定位,并判断其破坏类型与损伤程...",邓嘉欣 导师:王子仪,中国优秀硕士学位论文全文数据库, 2024-06-01 ,"关键词：混凝土结构无损检测 / 声发射 / 损伤定位 / 机器学习
下载（90）|被引（0）"
SERS结合机器学习筛查肺炎支原体感染的研究  CNKI文献,"吉林大学 生命科学学院 硕士 2024 R392.11 SERS结合机器学习筛查肺炎支原体感染的研究 SERS Combined with Machine Learning for Screening of Mycoplasma Pneumoniae Infection 程巧梅 蔡林君 生物学 生物检测技术 肺炎支原体(Mycoplasma pneumoniae,...",程巧梅 导师:蔡林君,中国优秀硕士学位论文全文数据库, 2024-06-01 ,"关键词：表面增强拉曼光谱 / 化学指纹图谱 / 机器学习算法 / 肺炎支原体
下载（76）|被引（0）"
基于机器学习的南水北调中线水质理化指标智能预测研究  CNKI文献,广西大学硕士学位论文 基于机器学习的南水北调中线 水质理化指标智能预测研究 1 第一章 绪论 1.1 研究背景及意义 充足优质的水资源是保证人类社会健康发展和维护自然生态系统完整稳定的重要 基础。近几十年来，在极端气候事件频发和人类活动影响范围扩大的共同作用下，水 质恶化事件在世界各类水体间长期持续性暴发，已成为严重威胁人类经济社会可持续 发展和生态系统健康的一大全球...,赖程 导师:农翕智,中国优秀硕士学位论文全文数据库, 2024-06-01 ,"关键词：跨流域调水工程 / 水质理化指标 / 多级耦合优化 / 可解释性机器学习
下载（19）|被引（0）"
基于机器学习的大跨钢管混凝土拱桥施工过程状态预测与评估  CNKI文献,广西大学硕士学位论文 基于机器学习的大跨钢管混凝土拱桥施工过程状态预测与评估 1 第一章 绪论 1.1 研究背景及意义 1.1.1 研究背景 钢管混凝土（concrete-filled steel tube，CFST）拱桥是一种优良的钢混组合桥梁， 主要结构中的钢管因混凝土的填充提高了局部稳定性，并且混凝土因钢管的套箍作用 增大了韧性和强度[1]。由于 CFST 拱桥具...,宁杰才 导师:谢开仲,中国优秀硕士学位论文全文数据库, 2024-06-01 ,"关键词：钢管混凝土拱桥 / 结构健康监测 / 斜拉扣挂法 / 机器学习算法
下载（23）|被引（0）"
基于机器学习的卫星降水产品在广西的数据融合及应用研究  CNKI文献,"广西大学硕士专业学位论文 基于机器学习的卫星降水产品在广西的数据融合及应用研究 1 第一章 绪论 1.1 研究背景与意义 降水是全球水循环的重要环节[1]，同时也是地球能量收支的重要组成部分[2]。降水 对气候调节[3]、地表水和地下水的形成[4, 5]以及维持生态系统稳定性[6-8]具有重要影响。 同时在水资源管理[9, 10]、自然灾害预警[11]、农业生产[12...",黄安伟 导师:孙桂凯;杨梅庆,中国优秀硕士学位论文全文数据库, 2024-06-01 ,"关键词：卫星降水产品 / 机器学习 / 数据融合 / 精度评估
下载（34）|被引（0）"
基于机器学习的纳米孔分子检测  CNKI文献,中北大学专业学位硕士学位论文 1 1 绪论 1.1 研究背景与意义 在科技飞速发展的今天，人类对微观世界的探索已经达到了前所未有的高度。 生物分子，作为生命活动的基本单元，其重要性不言而喻。它们不仅参与着生物体 内各种复杂的生化反应，还承载着生命信息的传递和表达。因此，对生物分子的深 入研究和分析，对于理解生命活动的本质、揭示疾病的发生机制、推动药物研发等 领域都具有重要意义。 ...,周思成 导师:武京治;梁晓林,中国优秀硕士学位论文全文数据库, 2024-05-31 ,"关键词：分子检测 / 固态纳米孔 / 机器学习 / 分子过孔模型
下载（19）|被引（0）"
制造业数字化转型驱动因素研究  CNKI文献,"兰州财经大学 硕士 2024 制造业数字化转型驱动因素研究 Research on Drivers of Digital Transformation in Manufacturing Enterprises 基于机器学习的证据 Evidence Based on Machine Learning 贾映彬 关辉国 工商管理 企业管理 公司治理 在数字化时代,制造业...",贾映彬 导师:关辉国,中国优秀硕士学位论文全文数据库, 2024-05-30 ,"关键词：企业数字化转型 / 机器学习 / 制造业 / 上市公司
下载（166）|被引（0）"
基于分子动力学模拟和机器学习的配体—靶标相互作用网络研究  CNKI文献,山东交通学院 硕士 2024 TP399 基于分子动力学模拟和机器学习的配体—靶标相互作用网络研究 Ligand-target Interaction Network Research Based on Molecular Dynamics Simulations and Machine Learning 王逸雯 何为凯；刘阳；陈纪旸 机械（专业学位） 药物发现阶段本...,王逸雯 导师:何为凯;刘阳;陈纪旸,中国优秀硕士学位论文全文数据库, 2024-05-30 ,"关键词：机器学习 / 分子动力学模拟 / 主成分分析 / 分子力学-广义波恩表面积
下载（55）|被引（0）"
MOF分离材料的高通量筛选与机器学习研究  CNKI文献,北京化工大学 硕士 2024 TQ013 MOF分离材料的高通量筛选与机器学习研究 High-throughput Screening and Machine Learning Research for MOF Separation Materials 李文轩 阳庆元 北京化工大学 化学工程与技术 机器学习 陈晓春 传统的热驱动技术在工业化学分离中需...,李文轩 导师:阳庆元,中国优秀硕士学位论文全文数据库, 2024-05-30 ,"关键词：金属-有机骨架材料 / 气体分离 / 机器学习 / 分子模拟
下载（102）|被引（0）"
机器学习辅助的温室气体分离材料筛选与设计  CNKI文献,北京化工大学 硕士 2024 TQ013 机器学习辅助的温室气体分离材料筛选与设计 Machine Learning Assisted Screening and Design of Greenhouse Gas Separation Materials 文一如 刘大欢 北京化工大学 化学工程与技术 计算化学 陈晓春 温室气体的持续排放将进一步加剧全球变暖的危机...,文一如 导师:刘大欢,中国优秀硕士学位论文全文数据库, 2024-05-30 ,"关键词：金属有机骨架材料 / 机器学习 / 分子模拟 / 气体分离
下载（56）|被引（0）"
双流化床生物炭特性分析和VOCs吸附机器学习模型预测  CNKI文献,北京化工大学 硕士 2024 X511 双流化床生物炭特性分析和VOCs吸附机器学习模型预测 Characterzation of Dual Fluidized Bed Biochar and Prediction of VOCs Adsorption Via Machine Learning Model 陈远祥 代建军 北京化工大学 化学工程与技术 固废处理及资源...,陈远祥 导师:代建军,中国优秀硕士学位论文全文数据库, 2024-05-30 ,"关键词：双流化床 / 生物炭 / 挥发性有机物 / 机器学习
下载（48）|被引（0）"
基于机器学习的多级评分认知诊断个人拟合方法研究  CNKI文献,贵州师范大学 硕士 2024 基于机器学习的多级评分认知诊断个人拟合方法研究 Person-fit for Cognitive Diagnostic Tests with Polytomous Items Based on Machine Learning 李宁 高旭亮 应用心理（专业学位） 心理统计与测量 认知诊断评估(Cognitive Diagnostic As...,李宁 导师:高旭亮,中国优秀硕士学位论文全文数据库, 2024-05-29 ,"关键词：机器学习 / 认知诊断 / 个人拟合统计量 / 异常反应模式
下载（46）|被引（0）"
基于机器学习的视频点播平台客户细分与保留策略研究  CNKI文献,哈尔滨商业大学 硕士 2024 基于机器学习的视频点播平台客户细分与保留策略研究 Research on Customer Segmentation and Retention Strategy of VOD Platform Based on Machine Learning 赵全盛 赵志杰 哈尔滨商业大学 电子商务 先进的无线技术和智能移动设备使用户几乎可以从任何...,赵全盛 导师:赵志杰,中国优秀硕士学位论文全文数据库, 2024-05-27 ,"关键词：视频点播平台 / RFM模型 / 客户保留 / 机器学习
下载（58）|被引（0）"
基于机器学习的加密货币收益、风险溢出效应与投资组合研究  CNKI文献,"中山大学 博士 2024 基于机器学习的加密货币收益、风险溢出效应与投资组合研究 Research on Cryptocurrency's Returns,Risk Spillover Effects,and Portfolios Based on Machine Learning 李星毅 朱书尚 金融学 作为数字资产的关键组成部分,加密货币为传统金融系统带来变革的同时...",李星毅 导师:朱书尚,中国博士学位论文全文数据库, 2024-05-26 ,"关键词：加密货币 / 收益率预测 / 波动率溢出效应 / 机器学习
下载（707）|被引（0）"
可解释机器学习在电网调控领域中的应用  CNKI文献,0 引言 随着以新能源为主体的新型电力系统建设，电力系统的电源构成、网架结构、负荷特性比以往发生了重大变化，具有更强的不确定性、复杂性和非线性[1]。电力系统中很多问题难以建立精确的数学模型或者难以单纯用数学模型描述[2]。因此，近年来，以机器学习、深度学习等数据驱动方法为代表的新一代人工智能技术在电网调控领域得到广泛应用，取得了显著的成果。 [1] [2] 目前，...,庞传军 王珅 余建明,《电力信息与通信技术》,2024年05期,"关键词：人工智能 / 机器学习 / 电网调度运行 / 可解释机器学习
下载（317）|被引（0）"
机器学习在心血管疾病中应用的研究进展  CNKI文献,随着人口老龄化进程加快，受居民不良生活方式的影响，心血管疾病发病率逐年增高。据统计，2020年，我国罹患心血管病人数约为3.3亿例，且农村地区心血管病死亡率高于城市[1]。临床对心血管疾病的诊断主要依赖医师对病人临床症状、既往病史及辅助检查的综合分析。医师的经验水平对诊疗效率带来一定的影响，且心血管疾病的诊断过程烦琐且价格昂贵[1]。机器学习因具有强大的分析与处理能力，在心血管疾病临床...,郑琰莉 苏文星 宋元涛,《中西医结合心脑血管病杂志》,2024年10期,"关键词：心血管疾病 / 机器学习 / 临床应用 / 综述
下载（535）|被引（0）"
面向研究生的机器学习类课程实践改革研究  CNKI文献,1人工智能课程的重要性 近年来，新一代信息技术如云计算、物联网技术、人机交互和移动互联网等相继涌现。大数据已深入人类生活的方方面面，因而产生了大量的数据信息，面对海量的数据信息，研究大数据最大的意义在于在对数据的分析和挖掘中，发现新的知识并创造新的价值，提升新能力，进而改善新的产品。数据的价值在于将信息转化为知识。如果不能深度加工数据，即使数据量再庞大，其所能呈现的价值依然是小的。因此，如何有效...,敬超 郑荣华,《科教导刊》,2024年15期,"关键词：机器学习 / 人工智能 / 研究生 / 课程及专业建设
下载（113）|被引（0）"
基于机器学习的汽车故障诊断技术研究  CNKI文献,引言 随着汽车技术的不断进步，车辆的结构和控制系统变得越来越复杂，故障诊断的难度也相应增大。传统的故障诊断方法往往依赖于经验和技术人员的直觉，效率低下且出错率高。因此，研究基于机器学习的汽车故障诊断技术具有十分重要的现实意义和应用价值。 1 机器学习技术与故障诊断技术 1.1 机器学习技术概述 机器学习作为人工智能的一个重要分支，其目标在于让...,蔡亮,《汽车知识》,2024年05期,"关键词：机器学习 / 汽车故障诊断 / 数据驱动 / 智能化
下载（16）|被引（1）"
基于高通量筛选和机器学习的电催化材料设计  CNKI文献,"贵州师范大学 硕士 2024 基于高通量筛选和机器学习的电催化材料设计 Design of Electrocatalytic Materials Based on High-Throughput Screening and Machine Learning 杨雨 肖文君 无线电物理 光电催化材料设计研究 人类过度依赖煤、石油和天然气等能源,对能源储量和环境都带来严重的...",杨雨 导师:肖文君,中国优秀硕士学位论文全文数据库, 2024-05-25 ,"关键词：第一性原理计算 / 二维材料 / 电催化 / 机器学习
下载（208）|被引（0）"
《机器学习在生物科学应用中的最新进展与未来展望》（节选）的汉译及翻译实践报告  CNKI文献,贵州师范大学 硕士 2024 《机器学习在生物科学应用中的最新进展与未来展望》（节选）的汉译及翻译实践报告 The English-Chinese Translation of Machine Learning in Biological Sciences:Updates and Future Prospects (Excerpts) and a Report on the T...,杨培培 导师:刘瑾,中国优秀硕士学位论文全文数据库, 2024-05-20 ,"关键词：机器学习 / 生态翻译 / 三维转换 / 翻译方法
下载（59）|被引（0）"
基于机器学习理论的固态锂电池荷电状态估计  CNKI文献,"成都大学 硕士 2024 基于机器学习理论的固态锂电池荷电状态估计 State of Charge Estimation of Solid-state Lithium Batteries Based on Machine Learning Theory 何亮 廖家轩；赵全起 材料与化工 电池技术作为现代社会的基石,在能源储存和转换领域发挥着举足轻重的作用。随着科技的飞速...",何亮 导师:廖家轩;赵全起,中国优秀硕士学位论文全文数据库, 2024-05-13 ,"关键词：固态电池 / 机器学习 / 荷电状态估计 / 电池管理系统
下载（226）|被引（0）"
基于知识迁移贯通的机器学习课程教学改革  CNKI文献,0 引言 机器学习是一门交叉学科，其涉及的领域包含概率论、数理统计学、最优化等。作为人工智能技术的重要组成部分，机器学习技术在图像识别、语音识别、推荐系统、自动驾驶等各行业都发挥了巨大作用。当前社会对机器学习人才的需求量越来越大，而高校作为人工智能人才的培养基地，则肩负起了推动我国人工智能高质量发展的重任，因此，近年来越来越多的国内高校开始重视机器学习@...,李爽 韩锐 李轩涯,《计算机教育》,2024年05期,"关键词：机器学习 / 知识迁移 / OBE理念 / 学科融合
下载（198）|被引（0）"
机器学习在地球物理勘探中铀矿资源勘查的应用研究进展  CNKI文献,2006年，Hinton[1]等提出的深度置信网络开启了人工智能的机器学习时代。此后，人工智能技术在各行业不断取得突破，如在自动驾驶、语音助手、语音识别和翻译、智能推荐、智能搜索和手写识别及医学等领域均取得了巨大进展。随着人工智能技术的快速发展，尤其是机器学习方法的广泛应用，极大地促进了智能化物探领域的发展。目前，机器学习AI技术广泛应用于物探领域，为地球物理学...,韩世礼 肖健 柳位,《铀矿地质》,2024年03期,"关键词：机器学习 / 放射性勘探 / 地球物理测井 / 成矿预测
下载（327）|被引（1）"
网络异常检测中机器学习的应用  CNKI文献,0 引言 本研究的意义在于深入探讨机器学习在网络安全中的作用，以提供有效应对网络威胁的解决方案。异常检测、入侵检测和恶意软件检测等领域的研究，能够展现机器学习技术在提高网络安全性能和防御能力方面的潜力。这将为构建更智能、更自适应的网络安全系统提供重要参考，以帮助保护个人信息，维护网络环境的稳定与安全。 1 异常检测概述 1.1 异常检测概述 在网络安全领域，异常检测...,孙瑾,《信息与电脑(理论版)》,2024年09期,"关键词：机器学习 / 网络安全 / 异常检测 / 防御
下载（23）|被引（0）"
机器学习在土壤污染识别中的应用研究进展  CNKI文献,土壤作为人类赖以生存的重要自然资源，由于工农业生产的迅速发展，不可避免地受到了被污染的威胁。预测、识别和评估土壤污染对环境和人类健康至关重要。在土壤污染研究中，特别是在处理土壤重金属污染时，传统的研究方法主要通过监测土壤中的重金属含量来进行。通常，研究人员会在特定区域进行布点采样，将采集的样品带回实验室进行理化实验检测。检测内容主要包括样品中的重金属元素含量，结合相关的地统计方法构建模型，利用污染...,傅嘉辉 陈云 王丽娜 石佳奇 韦婧 刘雪岩 张红燕,《湖南师范大学自然科学学报》,2024年05期,"关键词：机器学习 / 土壤污染 / 重金属 / 风险评估
下载（0）|被引（0）"
基于机器学习的三元铜基催化剂性能预测与材料设计  CNKI文献,1绪论 1绪论 1.1有机硅材料 有机硅是具有硅氧键主链和有机基团侧链的聚合物材料，因其独特的结构，有机 硅材料同时具备有机和无机材料的双重优势。Si-0键赋予了有机硅类似于二氧化硅 的无机性能，能够抗气候老化、绝缘，还拥有耐化学腐蚀、耐候、耐高温等特性。在 有机性能方面，有机硅的分子链又比碳链更为开放，相比碳链有机物性质更为稳定， 工作损耗更少，拥有更长的使用寿命[1]。由于其一系...,麻天润 导师:王建伟,中国优秀硕士学位论文全文数据库, 2024-05-06 ,"关键词：Rochow-Müller反应 / 铜基催化剂 / M2选择性 / 多目标优化
下载（52）|被引（0）"
基于机器学习的无Ni超弹性钛合金成分设计  CNKI文献,1绪论 i m 1.1研宄背景 金属材料的超弹性是指材料在卸载时表现出的显著可恢复应变，这种现象通常由 应力诱导的可逆马氏体相变驱动。超弹性和形状记忆合金都可以提供大变形和大作用 力，从而为微创外科手术提供坚固稳定的手术装置，特别适用于机械操作困难而加热 方便的温度驱动装置，更重要的是，其具备良好的耐蚀性能、低毒性和生物相容性， 因此，它可以用于植入人体，例如支架、钉子和缝合线，而不...,陈浩东 导师:于洋,中国优秀硕士学位论文全文数据库, 2024-05-06 ,"关键词：机器学习 / 钛合金 / 超弹性能 / 显微组织
下载（45）|被引（0）"
基于小样本量李赛美特色门诊资料的多模型优化机器学习《伤寒论》研究  CNKI文献,广州中医药大学 硕士 2023 R222.2 基于小样本量李赛美特色门诊资料的多模型优化机器学习《伤寒论》研究 Research on Shanghan Lun Based on Multi-model Optimized Machine Learning Using Li Saimei's Characteristic Outpatient Data with Small Sample...,隋画橙 导师:李赛美,中国优秀硕士学位论文全文数据库, 2023-06-01 ,"关键词：机器学习 / 名医传承 / 模拟诊断系统 / 《伤寒论》
下载（49）|被引（0）"
基于可解释机器学习的中国表层土壤有机碳时空异质性研究  CNKI文献,中国环境科学研究院 硕士 2024 基于可解释机器学习的中国表层土壤有机碳时空异质性研究 Spatiotemporal Heterogeneity of Surface Soil Organic Carbon in China Based on Interpretable Machine Learning 孙怡 马瑾 环境科学 土壤碳循环 土壤有机碳(Soil Organic C...,孙怡 导师:马瑾,中国优秀硕士学位论文全文数据库, 2024-06-03 ,"关键词：机器学习 / 遥感反演 / 土壤有机碳 / 时空变化
下载（248）|被引（0）"
基于CFD及机器学习的高层建筑气动荷载时程预测研究  CNKI文献,"广州大学 硕士 2024 基于CFD及机器学习的高层建筑气动荷载时程预测研究 Numerical Prediction on Time Series of Aerodynamic Loading of Tall Building by CFD and Machine Learning Algorithm 王坤 吴玖荣 土木工程（专业学位） 结构抗风 近年来,随着我国经济社会的不断...",王坤 导师:吴玖荣,中国优秀硕士学位论文全文数据库, 2024-05-01 ,"关键词：高层建筑 / CFD数值仿真 / 机器学习算法 / 优化算法
下载（115）|被引（0）"
基于机器学习的CHNO类含能材料爆速及感度预测研究  CNKI文献,南京理工大学 硕士 2023 基于机器学习的CHNO类含能材料爆速及感度预测研究 Study on Prediction of Detonation Velocity and Sensitivity of CHNO-Energetic Materials Based on Machine Learning 罗士保 谈玲华 材料与化工（专业学位） 含能材料性能预测研究 爆速、撞击感...,罗士保 导师:谈玲华,中国优秀硕士学位论文全文数据库, 2023-03-01 ,"关键词：爆速 / 撞击感度 / 静电火花感度 / 机器学习
下载（65）|被引（0）"
基于机器学习的多级评分认知诊断个人拟合方法研究  CNKI文献,贵州师范大学 硕士 2024 基于机器学习的多级评分认知诊断个人拟合方法研究 Person-fit for Cognitive Diagnostic Tests with Polytomous Items Based on Machine Learning 李宁 高旭亮 应用心理（专业学位） 心理统计与测量 认知诊断评估(Cognitive Diagnostic Assessme...,李宁 导师:高旭亮,中国优秀硕士学位论文全文数据库, 2024-05-29 ,"关键词：机器学习 / 认知诊断 / 个人拟合统计量 / 异常反应模式
下载（46）|被引（0）"
机器学习辅助的信道参数估计  CNKI文献,第一章 绪论 1 第一章 绪论 1.1 研究背景及意义 近几十年来，移动通信技术的迅速发展已经深刻改变了现代社会的生产、管理和人 们的生活方式[1]。无线信道作为无线通信系统信息传播的媒介，其特性对于设计无线通 信系统、分析通信质量和模拟网络性能等具有重要的意义[2]-[4]。可以说在无线通信系统 中，无线传输的性能直接取决于信道的传播特性，因此，有关无线信道的测量参数的估 计对...,朱勇 导师:王海明,中国优秀硕士学位论文全文数据库, 2023-05-19 ,"关键词：信道参数估计 / 到达角估计 / 多径时延估计 / 机器学习
下载（8）|被引（0）"
基于机器学习的张弦桁架抗连续倒塌能力评估  CNKI文献,第一章 绪论 1 第一章 绪论 1.1 研究背景 张弦桁架结构是在张弦梁结构基础上发展起来的一种新型大跨结构，是一种由中部 撑杆连接顶部刚性拱形桁架和底部柔性拉索组合而成的自平衡体系[1]，具有承载力高、 受力合理、跨度大、外形轻巧等优点[2]。近年来，随着我国经济发展水平的不断提高和 工程技术水平的飞速发展，张弦桁架结构在大空间的重要公共建筑中得到了广泛使用， 如新疆国际会展...,姚杰华 导师:周臻,中国优秀硕士学位论文全文数据库, 2023-05-21 ,"关键词：张弦桁架 / 抗连续倒塌能力 / 机器学习 / 可解释SHAP方法
下载（19）|被引（0）"
异构集群下分布式机器学习参数同步与通信优化方法研究  CNKI文献,"贵州大学 硕士 2023 TP181 异构集群下分布式机器学习参数同步与通信优化方法研究 马翔 郭春 软件工程 李泽平 随着人工智能、大数据、云计算等新型信息技术的飞速发展,借助大数据分析以及机器学习解决实际问题成为计算机发展的趋势。由于数据量的激增与模型复杂性的提高,单个计算节点的计算能力与内存容量已不足以提供良好的训练效率。因此,分布式机器学习成为解决单机训练问题的主流技术。...",马翔 导师:郭春,中国优秀硕士学位论文全文数据库, 2023-06-01 ,"关键词：分布式机器学习 / 落后者 / 陈旧梯度 / 异构集群
下载（10）|被引（0）"
基于知识迁移贯通的机器学习课程教学改革  CNKI文献,0 引言 机器学习是一门交叉学科，其涉及的领域包含概率论、数理统计学、最优化等。作为人工智能技术的重要组成部分，机器学习技术在图像识别、语音识别、推荐系统、自动驾驶等各行业都发挥了巨大作用。当前社会对机器学习人才的需求量越来越大，而高校作为人工智能人才的培养基地，则肩负起了推动我国人工智能高质量发展的重任，因此，近年来越来越多的国内高校开始重视机器学习@...,李爽 韩锐 李轩涯,《计算机教育》,2024年05期,"关键词：机器学习 / 知识迁移 / OBE理念 / 学科融合
下载（198）|被引（0）"
机器学习在地球物理勘探中铀矿资源勘查的应用研究进展  CNKI文献,2006年，Hinton[1]等提出的深度置信网络开启了人工智能的机器学习时代。此后，人工智能技术在各行业不断取得突破，如在自动驾驶、语音助手、语音识别和翻译、智能推荐、智能搜索和手写识别及医学等领域均取得了巨大进展。随着人工智能技术的快速发展，尤其是机器学习方法的广泛应用，极大地促进了智能化物探领域的发展。目前，机器学习AI技术广泛应用于物探领域，为地球物理学...,韩世礼 肖健 柳位,《铀矿地质》,2024年03期,"关键词：机器学习 / 放射性勘探 / 地球物理测井 / 成矿预测
下载（327）|被引（1）"
网络异常检测中机器学习的应用  CNKI文献,0 引言 本研究的意义在于深入探讨机器学习在网络安全中的作用，以提供有效应对网络威胁的解决方案。异常检测、入侵检测和恶意软件检测等领域的研究，能够展现机器学习技术在提高网络安全性能和防御能力方面的潜力。这将为构建更智能、更自适应的网络安全系统提供重要参考，以帮助保护个人信息，维护网络环境的稳定与安全。 1 异常检测概述 1.1 异常检测概述 在网络安全领域，异常检测...,孙瑾,《信息与电脑(理论版)》,2024年09期,"关键词：机器学习 / 网络安全 / 异常检测 / 防御
下载（23）|被引（0）"
典型有机化学品的人体致癌毒性和内分泌干扰毒性的机器学习分类与回归模型预测  CNKI文献,吉林大学 新能源与环境学院 硕士 2024 X32 典型有机化学品的人体致癌毒性和内分泌干扰毒性的机器学习分类与回归模型预测 Machine Learning Classification and Regression Model Prediction of Human Carcinogenic and Endocrine Disruptive Toxicity of Typical ...,郝宁 导师:赵文晋,中国优秀硕士学位论文全文数据库, 2024-05-01 ,"关键词：机器学习 / 有机化学品 / 致癌性 / 内分泌干扰性
下载（86）|被引（0）"
基于机器学习的黄土高原沟壑区小流域水热碳过程模拟  CNKI文献,西安理工大学 硕士 2024 基于机器学习的黄土高原沟壑区小流域水热碳过程模拟 Modeling of the Processes of Water-heat-carbon Based on Machine Learning in a Gually Watershed on Loess Plateau 邓炜 刘登峰 水文学及水资源 土壤湿度、土壤温度、河水温度以及二氧化碳浓度都是水...,邓炜 导师:刘登峰,中国优秀硕士学位论文全文数据库, 2024-06-30 ,"关键词：黄土高原 / 土壤湿度 / 土壤温度 / 河水温度
下载（50）|被引（0）"
机器学习在识别和预测创伤后应激障碍中的应用  CNKI文献,中国人民解放军海军军医大学 硕士 2024 机器学习在识别和预测创伤后应激障碍中的应用 The Application of Machine Learning in Identifying and Predicting Posttraumatic Stress Disorder 王兢 刘伟志；尚志蕾 应用心理（专业学位） 刘旭峰 目的: 创伤后应激障碍(Posttraumati...,王兢 导师:刘伟志;尚志蕾,中国优秀硕士学位论文全文数据库, 2024-05-01 ,"关键词：机器学习 / 创伤后应激障碍 / 识别 / 预测
下载（166）|被引（0）"
机器学习在土壤污染识别中的应用研究进展  CNKI文献,土壤作为人类赖以生存的重要自然资源，由于工农业生产的迅速发展，不可避免地受到了被污染的威胁。预测、识别和评估土壤污染对环境和人类健康至关重要。在土壤污染研究中，特别是在处理土壤重金属污染时，传统的研究方法主要通过监测土壤中的重金属含量来进行。通常，研究人员会在特定区域进行布点采样，将采集的样品带回实验室进行理化实验检测。检测内容主要包括样品中的重金属元素含量，结合相关的地统计方法构建模型，利用污染...,傅嘉辉 陈云 王丽娜 石佳奇 韦婧 刘雪岩 张红燕,《湖南师范大学自然科学学报》,2024年05期,"关键词：机器学习 / 土壤污染 / 重金属 / 风险评估
下载（0）|被引（0）"
基于机器学习的电催化氧化水处理技术前瞻性LCA与过程逆向设计  CNKI文献,第 1 章 绪 论 - 1 - 第 1 章 绪 论 1.1 课题背景 本课题来源于国家自然科学基金优秀青年基金项目“废水电化学处理理论 与方法”（项目号：51822806）的支持。 近年来，水资源的紧缺和水污染问题已经成为全球范围内备受关注的重要 问题之一[1]。同时，为了减少对环境的影响和实现可持续发展，绿色能源和清 洁技术已成为许多国家和地区的政策目标。电催化...,孙叶 导师:尤世界,中国博士学位论文全文数据库, 2023-05-01 ,"关键词：电催化氧化 / 废水处理 / 生命周期评价 / 机器学习
下载（118）|被引（0）"
基于机器学习的回归技术及理论研究  CNKI文献,"华东师范大学 博士 2024 O212.1 基于机器学习的回归技术及理论研究 Research on Regression Techniques and Theories Based on Machine Learning 邱锐 於州 统计学 统计机器学习 朱仲义 随着人工智能时代的来临,回归技术作为一种强大的统计工具,在解释变量之间关系的同时,在机器学习的预测任务中也扮演着...",邱锐 导师:於州,中国博士学位论文全文数据库, 2024-03-01 ,"关键词：神经网络 / 随机森林 / 充分降维 / 度量空间
下载（82）|被引（0）"
TiO_2光催化降解污染物的机器学习预测  CNKI文献,"重庆理工大学 理学院 硕士 2024 TiO_2光催化降解污染物的机器学习预测 Machine Learning Prediction of TiO_2 Photocatalytic Degradation of Pollutants 唐容 刘雪芹；魏大鹏 电子信息（专业学位） 光催化的机器学习预测 能源短缺和水资源污染成为全球关注的问题,光催化降解技术由于其环境友好、高效率、...",唐容 导师:刘雪芹;魏大鹏,中国优秀硕士学位论文全文数据库, 2024-03-23 ,"关键词：降解污染物 / TiO_2光催化 / 机器学习 / XGBoost
下载（136）|被引（0）"
基于机器学习的X企业智能成本控制研究  CNKI文献,"重庆理工大学 会计学院 硕士 2024 基于机器学习的X企业智能成本控制研究 Research on Intelligent Cost Control of X Enterprise Based on Machine Learning 邓佳红 程平；戴晓红 会计硕士（专业学位） AICFO 随着大数据、人工智能等新兴技术的快速发展,企业成本控制智能化趋势已势不可挡,传统的成本控...",邓佳红 导师:程平;戴晓红,中国优秀硕士学位论文全文数据库, 2024-03-22 ,"关键词：污水处理企业 / 机器学习 / 智能成本控制 / 药耗成本
下载（108）|被引（0）"
基于同态加密的机器学习隐私保护算法研究  CNKI文献,"曲阜师范大学 计算机学院 硕士 2024 基于同态加密的机器学习隐私保护算法研究 张文丹 孙玉红 电子信息（专业学位） 近年来,机器学习与云计算的迅猛发展使得在云服务平台上执行大规模机器学习任务成为一种可行的解决方案。因为机器学习需要大量的数据信息进行训练,而云服务器提供了强大的计算服务能力,越来越多的用户开始选择使用基于云平台的机器学习方法来执行训练任务。然而,将数据直接传输到云...",张文丹 导师:孙玉红,中国优秀硕士学位论文全文数据库, 2024-06-01 ,"关键词：机器学习 / 部分同态加密 / 隐私保护 / 格式检查
下载（115）|被引（0）"
机器学习驱动的盾构隧道施工地表沉降预测和控制研究  CNKI文献,广州大学 硕士 2024 机器学习驱动的盾构隧道施工地表沉降预测和控制研究 Research on Surface Settlement Prediction and Control in Shield Tunnel Construction Driven by Machine Learning 王泽盼 刘超 土木工程（专业学位） 隧道智能建造 盾构施工引起的地表沉降是一个受多种...,王泽盼 导师:刘超,中国优秀硕士学位论文全文数据库, 2024-06-01 ,"关键词：盾构隧道 / 机器学习 / 模型解释 / 沉降预测
下载（85）|被引（0）"
基于机器学习方法对细颗粒物污染成因的研究  CNKI文献,南开大学 环境科学与工程学院 硕士 2022 基于机器学习方法对细颗粒物污染成因的研究 Research on the Causes of Fine Particulate Pollution Based on Machine Learning Methods 张忠诚 史国良 环境工程（专业学位） 大气污染防治 李岳；张霖琳 毕晓辉 环境中高浓度的PM_(2.5)会造成环境...,张忠诚 导师:史国良,中国优秀硕士学位论文全文数据库, 2022-05-01 ,"关键词：机器学习 / PM_(2.5) / 二次无机颗粒物 / PMF
下载（100）|被引（0）"
非线性机器学习对沪深300指数价格预测的研究  CNKI文献,"上海财经大学 商学院 硕士 2022 非线性机器学习对沪深300指数价格预测的研究 A Study of Nonlinear Machine Learning on the Price Prediction of CSI 300 Index 陆佳毓 谢天 工商管理（专业学位） 目前机器学习是科学发展的趋势,已经在各行各业中得以有效利用,特别是它的大数据分析能力可以有效分解特定目标...",陆佳毓 导师:谢天,中国优秀硕士学位论文全文数据库, 2022-09-17 ,"关键词：机器学习 / ARIMA / LSTM / 价格预测
下载（12）|被引（0）"
机器学习辅助高通量计算筛选MOFs用于化学战剂的捕获  CNKI文献,广州大学 硕士 2024 机器学习辅助高通量计算筛选MOFs用于化学战剂的捕获 Machine Learning-assisted High-throughput Computational Screening of MOFs for Chemical Warfare Agent Capture 王雯菲 刘芝婷 化学工程（专业学位） 材料AI设计与计算 化学战剂(Chemical...,王雯菲 导师:刘芝婷,中国优秀硕士学位论文全文数据库, 2024-05-01 ,"关键词：金属-有机框架 / 化学战剂 / 分子模拟 / 机器学习
下载（40）|被引（0）"
基于机器学习的土壤硝态氮分布预测  CNKI文献,"河南农业大学 硕士 2024 基于机器学习的土壤硝态氮分布预测 Prediction of Soil Nitrate Nitrogen Distribution Based on Machine Learning 陈辉 刘建伟 农业硕士（专业学位） 农村面源污染 土壤硝态氮作为植物生长的重要氮源,在农业生产中扮演着至关重要的角色。然而,其过量积累可能导致环境污染和生态风险,因此其...",陈辉 导师:刘建伟,中国优秀硕士学位论文全文数据库, 2024-05-01 ,"关键词：土壤硝态氮 / 土壤pH / 特征重要性 / 机器学习
下载（92）|被引（0）"
基于机器学习的304不锈钢组织性能预报  CNKI文献,"太原科技大学 机械工程学院 硕士 2024 TG335 基于机器学习的304不锈钢组织性能预报 Prediction of Microstructure and Properties of 304 Stainless Steel Based on Machine Learning 樊鹏飞 姬亚锋 机械（专业学位） 南伟杰 随着工业化和城市化进程的加速,以及人们对于材料品质要求...",樊鹏飞 导师:姬亚锋,中国优秀硕士学位论文全文数据库, 2024-05-01 ,"关键词：不锈钢 / 机器学习 / 组织性能预测 / 晶体塑形有限元
下载（97）|被引（0）"
面向区域滑坡易发性制图的机器学习方法集成研究  CNKI文献,"成都理工大学 硕士 2022 面向区域滑坡易发性制图的机器学习方法集成研究 Integration of Machine Learning Methods for Regional Landslide Susceptibility Mapping 魏槊友 杨容浩；孙振勇 测绘工程（专业学位） 滑坡作为我国发生最频繁的灾害之一,对国家的经济发展、社会和谐稳定和人民的生命财产安全都造成...",魏槊友 导师:杨容浩;孙振勇,中国优秀硕士学位论文全文数据库, 2022-04-22 ,"关键词：区域滑坡易发性制图 / 机器学习 / 集成学习 / 卷积神经网络
下载（10）|被引（0）"
铁基合金耐蚀性能的研究  CNKI文献,广州大学 硕士 2024 铁基合金耐蚀性能的研究 Research on the Corrosion Resistance of Ferrous Alloys 密度泛函理论计算与机器学习相结合的探索 An Exploration Combining Density Functional Theory Calculations and Machine Learning 陈尤 乔智威；...,陈尤 导师:乔智威;王海涛,中国优秀硕士学位论文全文数据库, 2024-05-01 ,"关键词：铁基合金 / 腐蚀 / 密度泛函理论 / 机器学习
下载（33）|被引（0）"
基于机器学习的预应力混凝土梁裂缝宽度控制方法研究  CNKI文献,第一章 绪论 1 第一章 绪论 1.1 研究背景及意义 预应力混凝土是指通过预先施加张拉力（即预应力）的方法，在混凝土中产生压应 力来抵消全部或者部分外荷载产生的应力，降低混凝土承受的拉应力，因此构件在使用 荷载作用下能够不开裂、推迟开裂、或者减小裂缝开展的宽度[1]。与普通混凝土相比， 预应力混凝土主要有以下三点优势。第一，节约工程材料，经济性好。对于大跨度、重 荷载、裂缝...,柳东森 导师:吴京,中国优秀硕士学位论文全文数据库, 2023-05-24 ,"关键词：机器学习 / 预应力混凝土梁 / 裂缝宽度 / 模型解释
下载（25）|被引（0）"
机器学习结合生物信息学的胃癌关键基因选择研究  CNKI文献,机器学习结合生物信息学的胃癌关键基因选择研究 5 中英文缩略词表 缩写词 英文全称 中文全称 RF Random forest 随机森林 SVM-RFE Recursive feature elimination by support vector machine 支持向量机递归特征消除 LASSO Least absolute shrinkage and selecti...,王泽朋 导师:李四海,中国优秀硕士学位论文全文数据库, 2024-03-01 ,"关键词：胃癌 / 特征筛选 / 关键基因 / 分类模型
下载（50）|被引（0）"
机器学习中基于同态加密的隐私保护技术研究  CNKI文献,第一章 绪论 第一章 绪 论 本章将从机器学习技术与同态加密技术出发对本文的背景与研究意义、国内 外的研究现状以及本工作的贡献与创新进行概述。 1.1 本文的背景与意义 随着大数据技术的兴起与发展，个人数据与企业数据的隐私保护变得日渐重 要。在信息时代，不仅是个人对于隐私保护技术的关注度不断增加，企业对于数 据隐私保护的需求也不断增长。同时近年来随着机器学习技术的崛起，诸如金融、 ...,刘健智 导师:李善仓,中国优秀硕士学位论文全文数据库, 2024-04-15 ,"关键词：机器学习 / 神经网络 / 隐私保护 / 同态加密
下载（34）|被引（0）"
机器学习在因果推断中的应用  CNKI文献,机器学习具有强大的模型外线性和非线性预测能力， 其侧重于关联， 在疾病风险预测、 诊断和预后等方面得到广泛应用[1]。因果推断具有良好的推理能力和可解释性， 侧重于因果关系。机器学习和因果推断在早期并无太大联系， 甚至在某些情况下， 二者存在矛盾。进入大数据时代后， 由于传统的因果推断方法侧重于二维变量， 如果直接应用于高维数据， 有可能会影响因果推断的准确性， 甚至无法运...,王星 吴亚飞 方亚,《中国卫生统计》,2024年02期,"关键词：机器学习 / 因果推断 / 因果模型
下载（643）|被引（0）"
机器学习预测脑卒中病人日常生活活动能力的研究进展  CNKI文献,脑卒中是一种急性脑血管疾病，由于脑血管病变引起脑功能障碍，是全球致死、致残的首要原因。我国脑卒中筛查数据显示，城市和农村居民的脑血管病的发病率分别为203.6/10万和298.2/10万，死亡率分别为128.88/10万和160.19/10万[1]。随着人口老龄化和城市化进程加速，发生脑卒中的危险因素仍在逐年增长，给社会带来沉重的负担。脑卒中发病率呈年轻化趋势[2]，为了提高临床对脑卒中的识别和诊...,李贤 马秀芝,《护理研究》,2024年08期,"关键词：脑卒中 / 机器学习 / 日常生活活动能力 / 信息化管理
下载（1250）|被引（0）"
基于机器学习的材料设计  CNKI文献,"材料科学是一门与工程技术密不可分的应用科学,主要研究材料的合成、性能、结构和应用.从古至今,材料的发现和创新一直是人类文明进步的重要驱动力.当代社会,现代科技和工业对于新型、高性能材料的需求与日俱增,材料科学的重要性日益凸显.材料科学的发展为科技生活注入了新的活力,如高性能轻质金属材料、新型钙钛矿材料、高温超导材料、半导体材料等,在能源、通信、交通、医疗等各领域都发挥着重要作用[1].在过去几十年...",陆文聪 吴炎淼 刘太昂 卢天 纪晓波 邢雷凯,《河南师范大学学报(自然科学版)》,2024年04期,"关键词：机器学习 / 材料设计 / 配方优化
下载（1284）|被引（0）"
基于机器学习的岩土工程优化应用研究  CNKI文献,0 引言 岩土工程是一项保障人民日常生活的业务，通过将机器学习应用于岩土工程中，可以有效地分析、评测、整合并准确地预测岩土参数，能够极大地提升岩土工程的施工质量，确保其能够按时完工，推动岩土工程健康发展。 1 机器学习在岩土工程中应用研究的基本概念和背景 机器学习是指计算机通过分析数据库中的数据，总结归纳数据运行变化的规律，将其规律固定到模型中，模型具有推...,徐全善 祝毓萍 查治洲,《江苏通信》,2024年02期,"关键词：机器学习 / 岩土工程 / 应用研究
下载（117）|被引（0）"
基于机器学习的无Ni超弹性钛合金成分设计  CNKI文献,1绪论 i m 1.1研宄背景 金属材料的超弹性是指材料在卸载时表现出的显著可恢复应变，这种现象通常由 应力诱导的可逆马氏体相变驱动。超弹性和形状记忆合金都可以提供大变形和大作用 力，从而为微创外科手术提供坚固稳定的手术装置，特别适用于机械操作困难而加热 方便的温度驱动装置，更重要的是，其具备良好的耐蚀性能、低毒性和生物相容性， 因此，它可以用于植入人体，例如支架、钉子和缝合线，而不...,陈浩东 导师:于洋,中国优秀硕士学位论文全文数据库, 2024-05-06 ,"关键词：机器学习 / 钛合金 / 超弹性能 / 显微组织
下载（45）|被引（0）"
新型四元半导体电子结构特性的机器学习和第一性原理研究  CNKI文献,南京理工大学 硕士 2022 新型四元半导体电子结构特性的机器学习和第一性原理研究 ML and First-principles Simulation of Electronic Structural Properties for Novel Quaternary Semiconductors 高梦伟 曾海波 材料与化工（专业学位） 四元半导体光电材料 过去的几十年里随着国家对...,高梦伟 导师:曾海波,中国优秀硕士学位论文全文数据库, 2022-12-01 ,"关键词：四元半导体 / 光电材料 / 机器学习 / 带隙预测
下载（28）|被引（0）"
机器学习联合遗传算法策略下的高性能Cu-Ni-Co-Si合金设计  CNKI文献,太原科技大学 材料科学与工程学院 硕士 2024 TG146.11;TP181 机器学习联合遗传算法策略下的高性能Cu-Ni-Co-Si合金设计 Design of High-performance Cu-Ni-Co-Si Alloy with Machine Learning Joint Genetic Algorithm Strategy 张英凡 党淑娥；陈娟 材料科学与工程...,张英凡 导师:党淑娥;陈娟,中国优秀硕士学位论文全文数据库, 2024-04-10 ,"关键词：Cu-Ni-Co-Si / 机器学习 / 遗传算法 / 冷轧变形
下载（52）|被引（0）"
基于机器学习的互联网小额信贷授信风险问题研究  CNKI文献,"西南石油大学 硕士 2022 C93 基于机器学习的互联网小额信贷授信风险问题研究 陈俊安 张恒汝 工程管理硕士（专业学位） 风险管理 近年来,互联网金融业务在国内逐渐兴起,为了能够更好地服务于客户,商业银行信贷业务也不例外地朝着互联网方向大力发展,形成新的互联网信贷行业领域。在这样的趋势下,互联网信贷的风险也随之产生,信贷风险管理是该领域主要的研究内容之一。本文的研究内容是将机...",陈俊安 导师:张恒汝,中国优秀硕士学位论文全文数据库, 2022-10-01 ,"关键词：机器学习 / 小额信贷 / 风控模型 / 信用评分卡
下载（11）|被引（0）"
基于OBE和德育教育的机器学习课程探索与实践  CNKI文献,引言 机器学习作为人工智能领域的一个关键分支，已经成为推动技术革新和产业变革的重要力量。在大数据技术的推动下，机器学习算法和模型处理大规模数据集的能力得到了显著提升，这从推荐系统到自动驾驶汽车，从语音识别到图像处理，机器学习都扮演着核心角色。预计在未来十年，掌握机器学习的基础理论和方法将成为大多数工程技术人员必备的技能。开设机器学习课程...,张俊丽,《中国多媒体与网络教学学报(上旬刊)》,2024年04期,"关键词：机器学习 / OBE教学理念 / 德育教育
下载（45）|被引（0）"
机器学习场景下的数据安全与隐私保护技术研究  CNKI文献,第一章 绪论 第一章 绪 论 1.1 研究工作的背景与意义 从 Alpha Go[1]的突破到 Chat GPT[2–5]的发展，人工智能作为新一轮科技革命和 产业变革的先锋，正在从根本上改变人们处理和分析数据的方式。全球各大国家 纷纷将占据人工智能制高点视为夺取科技优势的核心策略，推动了人工智能向着 技术快速创新和应用广泛的新时代迈进。在这一背景下，众多创新产品如自动驾 驶、智能安...,刘小源 导师:李洪伟,中国博士学位论文全文数据库, 2024-03-25 ,"关键词：机器学习 / 分布式框架 / 特征提取 / 隐私保护技术
下载（176）|被引（0）"
TiO_2光催化降解污染物的机器学习预测  CNKI文献,"重庆理工大学 理学院 硕士 2024 TiO_2光催化降解污染物的机器学习预测 Machine Learning Prediction of TiO_2 Photocatalytic Degradation of Pollutants 唐容 刘雪芹；魏大鹏 电子信息（专业学位） 光催化的机器学习预测 能源短缺和水资源污染成为全球关注的问题,光催化降解技术...",唐容 导师:刘雪芹;魏大鹏,中国优秀硕士学位论文全文数据库, 2024-03-23 ,"关键词：降解污染物 / TiO_2光催化 / 机器学习 / XGBoost
下载（136）|被引（0）"
大数据下基于机器学习的企业预算管理研究  CNKI文献,重庆理工大学 会计学院 硕士 2024 大数据下基于机器学习的企业预算管理研究 Research on Budget Management of Enterprises Based on Machine Learning under Big Data 以ABC公司为例 Take ABC Company as an Example 谭果君 程平；兰福生 会计（专业学位...,谭果君 导师:程平;兰福生,中国优秀硕士学位论文全文数据库, 2024-03-22 ,"关键词：预算管理 / 大数据 / 机器学习
下载（195）|被引（0）"
基于机器学习的X企业智能成本控制研究  CNKI文献,"重庆理工大学 会计学院 硕士 2024 基于机器学习的X企业智能成本控制研究 Research on Intelligent Cost Control of X Enterprise Based on Machine Learning 邓佳红 程平；戴晓红 会计硕士（专业学位） AICFO 随着大数据、人工智能等新兴技术的快速发展,企业成本控制智能化趋势已势不可挡,...",邓佳红 导师:程平;戴晓红,中国优秀硕士学位论文全文数据库, 2024-03-22 ,"关键词：污水处理企业 / 机器学习 / 智能成本控制 / 药耗成本
下载（108）|被引（0）"
泌尿系统肿瘤预后模型构建及机器学习方法研究  CNKI文献,第一章 绪论 1 第一章 绪论 1.1 研究工作的背景与意义 泌尿系统肿瘤指发生于泌尿系统任意部位的肿瘤。如肾盂、输尿管、膀胱、 尿道等部位的肿瘤皆称为泌尿系统肿瘤。在全球范围内，膀胱癌（Bladder Cancer， BC）是全球第十大常见癌症和第 13 大癌症相关死亡原因，每年有近 54.9 万例新 发病例和 20 万例死亡[1]。尽管有多种治疗方式，BC 患者的总生存率仍然很低...,方昱衡 导师:李科,中国优秀硕士学位论文全文数据库, 2024-03-22 ,"关键词：机器学习 / COX回归 / 预后模型 / 可解释性
下载（30）|被引（0）"
基于机器学习的S企业战略资产管理研究  CNKI文献,"重庆理工大学 会计学院 硕士 2024 基于机器学习的S企业战略资产管理研究 Research on Strategic Asset Management of S Enterprise Based on Machine Learning 刘泓 程平 会计硕士（专业学位） 大数据及人工智能财务 随着新一代信息智能技术如大数据和人工智能的迅猛发展,战略资产管理正迎来新...",刘泓 导师:程平,中国优秀硕士学位论文全文数据库, 2024-03-20 ,"关键词：战略资产管理 / 机器学习 / 水务企业
下载（91）|被引（0）"
基于机器学习的上市公司财务状况质量评价研究  CNKI文献,"重庆理工大学 硕士 2024 基于机器学习的上市公司财务状况质量评价研究 Research on Quality Evaluation of Financial Status of Listed Companies Based on Machine Learning 邓湘煜 程平 会计学 会计信息化 随着大数据、人工智能等新一代信息技术的发展,各行各业都在积极探索如何...",邓湘煜 导师:程平,中国优秀硕士学位论文全文数据库, 2024-03-20 ,"关键词：财务状况质量评价 / 企业画像 / 机器学习
下载（211）|被引（0）"
基于机器学习的供水目标成本智能管理研究  CNKI文献,重庆理工大学 会计学院 硕士 2024 基于机器学习的供水目标成本智能管理研究 A Study on Intelligent Management of Water Supply Target Cost Based on Machine Learning 以Z水务企业为例 Taking Z Water Utility Company as an Example 朱思懿 ...,朱思懿 导师:程平;王会然,中国优秀硕士学位论文全文数据库, 2024-03-16 ,"关键词：目标成本管理 / BP神经网络 / 数据仓库
下载（80）|被引（0）"
基于机器学习的L污水处理企业智能成本预警研究  CNKI文献,重庆理工大学 会计学院 硕士 2024 基于机器学习的L污水处理企业智能成本预警研究 Research on Intelligent Cost Early Warning of L Sewage Treatment Enterprises Based on Machine Learning 李宛霖 程平；王宏波 会计硕士（专业学位） 大数据与人工智能财务 随着智能化...,李宛霖 导师:程平;王宏波,中国优秀硕士学位论文全文数据库, 2024-03-15 ,"关键词：污水处理企业 / 大数据 / 智能成本预警 / 数据仓库
下载（99）|被引（0）"
基于机器学习的加密代理类流量识别与分类技术研究  CNKI文献,第一章 绪论 第一章 绪 论 1.1 课题背景与研究意义 随着互联网技术不断发展，各类应用程序应运而生，网络用户数量也迅速增 加。中国互联网信息中心[1]的第 52 次统计报告指出，国内的网民规模已达 10.79 亿，互联网普及率高达 76.4%，数字基础建设进一步加速，各类应用的用户规模也 呈现增长趋势，使得互联网成为了人民生活中不可或缺的一部分。为了确保用户 隐私并提升用户数据的...,周楠馨 导师:李玉军,中国优秀硕士学位论文全文数据库, 2024-03-15 ,"关键词：加密代理类流量 / 流量识别 / 业务分类 / 机器学习
下载（61）|被引（0）"
机器学习赋能的优化算法及其在新型电力系统中的应用与展望  CNKI文献,0引言 随着全球气候变化、环境污染问题日益严峻，传统以化石燃料为主要能源的发电系统正面临着巨大挑战。为尽早实现“碳达峰、碳中和”重要战略目标，关键举措之一便是构建新型电力系统。《“十四五”现代能源体系规划》提出构建以新能源为主体的新型电力系统，推动电力系统向适应大规模高比例新能源方向演进。新型电力系统可以通过数字化技术有效地整合可再生能源以及分布式储能系统，是实现能源清洁和国民经济可持续发展的重...,王新迎 闫冬 施展 张东霞 邓琪 林振炜,《中国电机工程学报》,2024年16期,"关键词：机器学习 / 新型电力系统 / 人工智能 / 优化算法
下载（2313）|被引（3）"
基于机器学习的创造性思维脑电信号分类  CNKI文献,"曲阜师范大学 心理学院 硕士 2024 基于机器学习的创造性思维脑电信号分类 高慧 刘春雷 基础心理学 创造力是促进人类文明繁荣发展、推动科技迭代更新的高级认知功能。作为创造力在认知层面的体现,创造性思维涉及复杂的认知基础和神经机制。脑电图(electroencephalogram,EEG)作为一种低成本、高时间分辨率的神经成像技术,为研究者提供了深入研究创造性思维的机...",高慧 导师:刘春雷,中国优秀硕士学位论文全文数据库, 2024-03-07 ,"关键词：创造性思维 / 机器学习 / 脑电图 / 支持向量机
下载（71）|被引（0）"
基于机器学习的回归技术及理论研究  CNKI文献,"华东师范大学 博士 2024 O212.1 基于机器学习的回归技术及理论研究 Research on Regression Techniques and Theories Based on Machine Learning 邱锐 於州 统计学 统计机器学习 朱仲义 随着人工智能时代的来临,回归技术作为一种强大的统计工具,在解释变量之间关系的同时,在~#...",邱锐 导师:於州,中国博士学位论文全文数据库, 2024-03-01 ,"关键词：神经网络 / 随机森林 / 充分降维 / 度量空间
下载（82）|被引（0）"
基于机器学习的Fe-C-Mn-Al系先进高强钢力学性能预测与设计研究  CNKI文献,成都大学 硕士 2024 基于机器学习的Fe-C-Mn-Al系先进高强钢力学性能预测与设计研究 Prediction and Design of Mechanical Properties of Fe-C-Mn-Al Advanced High Strength Steel Based on Machine Learning 程洪 何忠平；蒲宗山 材料与化工 先进高强钢...,程洪 导师:何忠平;蒲宗山,中国优秀硕士学位论文全文数据库, 2024-03-01 ,"关键词：机器学习 / 监督学习 / 先进高强钢 / 力学性能
下载（128）|被引（0）"
机器学习结合生物信息学的胃癌关键基因选择研究  CNKI文献,机器学习结合生物信息学的胃癌关键基因选择研究 5 中英文缩略词表 缩写词 英文全称 中文全称 RF Random forest 随机森林 SVM-RFE Recursive feature elimination by support vector machine 支持向量机递归特征消除 LASSO Least absolute shrinkage and s...,王泽朋 导师:李四海,中国优秀硕士学位论文全文数据库, 2024-03-01 ,"关键词：胃癌 / 特征筛选 / 关键基因 / 分类模型
下载（50）|被引（0）"
初级保健领域基于机器学习预测模型研究的设计特征与方法学质量：范围综述  CNKI文献,近年来，随着以信息技术和人工智能技术为代表的新兴技术的迅速发展，初级保健服务和基本医疗在数字化、智能化、协同化等方面不断发展、完善[1-3]。与专科医疗机构相比，初级保健服务机构常规登记数据、区域健康医疗数据、健康档案数据、患者自行报告的数据及移动设备采集的数据体量更为庞大，基于这些数据的临床研究报告及文献数量呈现逐渐升高趋势。在初级保健研究领域，学者开始尝试借助大数据和人工智能技术，通过...,钟锦佳 李文涛 黄亚芳 吴浩,《中国全科医学》,2024年10期,"关键词：初级保健 / 机器学习 / 研究设计 / 预测模型
下载（492）|被引（1）"
初中英语教育评估的机器学习方法与应用  CNKI文献,随着教育领域的不断发展和信息技术的进步，机器学习技术的引入为解决学生英语学习水平评估问题提供了新视角和新方法。机器学习可以分析大量的学生数据，包括考试成绩、作业表现、学习记录等多方面的信息，以帮助教育工作者更全面地评估学生的知识掌握情况。通过数据驱动的方法，机器学习建立并运用深度学习模型，根据多维度的信息预测学生的学习@...,王飞,《基础教育论坛》,2024年03期,"关键词：初中英语 / 核心素养 / 机器学习 / 教育评估
下载（53）|被引（0）"
机器学习在电力设备故障检测中的实践应用  CNKI文献,一、前言 随着电力行业的不断发展，电力设备在电力生产和传输中扮演着至关重要的角色。然而，由于长时间运行和环境影响，这些设备会出现缺陷、隐患，存在着故障的风险，影响设备正常运转。 机器学习技术在近年来取得了显著的突破，其在故障检测方面的应用也逐渐成为研究热点。通过采集大量的设备缺陷和故障数据，利用一定的算法进行学习，从而智能识别不同类型的设备缺陷和故障，替代人工检测，提升...,闾林秀,《信息系统工程》,2024年02期,"关键词：机器学习 / 电力设备 / 无人机 / 实践应用
下载（480）|被引（2）"
目标分析中的机器学习方法探索与应用  CNKI文献,机器学习作为一个多学科的研究领域，主要包括基本的统计理论知识、近似基础知识、概率论理论知识和复杂的计算理论知识。机器学习作为人工智能的研究核心，是计算机产生智能的根本途径。它专门研究计算机如何模仿或实现人们的日常学习活动，并从中获取最新的知识或技术，从而对现有的知识系统进行重构，以提高其性能。 1 机器学习概念分析 机器学习是目标分析...,王璐雯,《中国战略新兴产业》,2024年05期,"关键词：目标分析 / 机器学习 / 探索与应用
下载（1）|被引（0）"
机器学习技术在农业领域的应用研究——以福建省为例  CNKI文献,引言 农业是国民经济的命脉，农业丰则基础强，农民富则国家盛。随着我国农业面临着越来越多的挑战，传统农业已经无法满足市场对农产品健康、安全、品质的要求，在国家全面推进乡村振兴、加快建设农业强国的大背景下，对农业现代化发展也提出了更高的要求。由此，机器学习技术的发展与融合应用为农业产业带来了新的机遇和挑战。 机器学习技术已经在医疗、电信、金融、交通、市场营销等许多领域取得了...,巫利荣,《互联网周刊》,2024年03期,"关键词：机器学习技术 / 人工智能 / 数字农业 / 示范应用
下载（375）|被引（1）"
基于问题导向的机器学习课程教学探索  CNKI文献,开放科学（资源服务）标识码(OSID): 1 背景 2017年7月8日，国务院正式印发了《新一代人工智能发展规划》，为我国发展人工智能提出了保障措施、主要任务、战略目标和总体思路，同时该规划明确了人工智能技术进入教育体系的长期发展方向[1]。为进一步落实《新一代人工智能发展规划》，自然科学基金委和科技部在2023年3月启动了“AI for Science”专项部署工作，建立以“人工智能驱动的科...,徐叶松 胡平 戴家树 严楠,《电脑知识与技术》,2024年04期,"关键词：问题导向 / 机器学习 / 人工智能 / 教学
下载（118）|被引（1）"
基于机器学习的文本信息抽取方法研究  CNKI文献,"随着大数据时代的来临，文本数据作为其中重要的一部分，已成为各行各业关注的焦点。如何有效地从庞大而复杂的文本数据中抽取出有价值的信息，成为一大挑战。文本信息抽取（Information Extraction,IE）技术正是解决此问题的关键一环。近年来，基于机器学习的文本信息抽取方法受到了广泛的关注。 基于机器学习的文本信息抽取方法概述 文本信息抽取旨在从庞大的非结构化或半...",卞德忠,《网络安全和信息化》,2024年02期,"关键词：文本信息抽取 / 机器学习 / 医学文本
下载（275）|被引（0）"
机器学习在水务行业中的应用现状与发展前景  CNKI文献,1 引言 近年来城市供水及排水管网不断完善，污水厂不断提标改造，城市管网系统及水处理系统日益复杂，环境分析工具和监测技术的迅速发展导致数据生成的数量爆炸性增长，数据的维度呈现多样性变化，传统的基于一般规律的数据分析模型面临瓶颈，复杂物理化学及生物过程难以通过常规模型模拟，数据对于水务决策的支撑明显不足[1]。因此在传统统计工具之外采取更先进和更强大的计算和数据分析方法是支撑现代水务数字化和智慧化...,李思敏 产青青 金鑫 杨晶 路恒通 张家旋 碗莹 杨一帆,《水电能源科学》,2024年03期,"关键词：机器学习 / 水务行业 / 智慧水务 / 人工智能算法
下载（816）|被引（2）"
应用机器学习研究土壤侵蚀的文献计量分析  CNKI文献,"0 引 言 土壤侵蚀作为全球性的环境问题，给生态安全、粮食安全及可持续发展带来了严峻的挑战[1-4]。为了防治土壤侵蚀，早在百余年前众多学者和研究人员就已经开始了有关土壤侵蚀的研究。从早期研究土壤流失量与单因子之间的关系到现如今的多因子模型[5],从野外观测到室内模拟试验，有关土壤侵蚀的研究现已发展出一套以实验为基础，以机理与模型为延伸的研究路线，取得了大量的研究成果。但由于土壤侵蚀类型多样、影...",李潼亮 李斌斌 张风宝 史方颖 杨明义 何庆,《人民长江》,2024年01期,"关键词：土壤侵蚀 / 机器学习 / 神经网络模型 / 地理信息系统
下载（416）|被引（0）"
机器学习在钻柱振动识别与预测中的研究进展  CNKI文献,0 引言 随着国家油气勘探开发力度的不断加大，我国钻井朝着难度更大、成本更高的深井、超深井和大位移井等复杂结构井方向发展[1]。在钻进过程中，由于地层非均质性及井壁约束等条件影响，钻柱在井下和岩石、井壁接触时，会承受拉伸、挤压、弯曲、扭转等各种复杂多变的动态组合载荷，增加钻柱的复杂振动风险。复杂振动会导致机械钻速降低和钻具组合磨损，进而影响破岩效率。严重振动情况下会造成井下工具失效并对井筒质量产...,汪海阁 高博 郑有成 赵飞 崔猛 丁燕 邢世旺,《天然气工业》,2024年01期,"关键词：钻柱振动 / 深层 / 油气钻井 / 机器学习
下载（594）|被引（3）"
基于Gitee与学科竞赛任务驱动的机器学习实践课程教学设计与探索  CNKI文献,2021年1月，教育部办公厅印发《本科层次职业教育专业设置管理办法（试行）》，明确指出坚持高层次技术技能人才培养定位，适应学生全面可持续发展的需要[1]。随着职教本科教育在我国的快速发展，如何建立适合职教本科院校的人工智能专业实践教学体系与课程体系是值得研究与探索的课题[2]。 [1] [2] 机器学习是人工智能技术服务专业的一门专业核心课，课程目标是理解机器学习算法...,夏吉安,《创新创业理论研究与实践》,2024年02期,"关键词：机器学习 / 实践教学 / 竞赛驱动 / Gitee平台
下载（137）|被引（1）"
基于机器学习的焦虑脑电识别技术分析  CNKI文献,0 引言 焦虑是一种正常的生理和心理反应，但人体若长期处于焦虑状态，则有可能演变成焦虑症等焦虑障碍。焦虑症以及其他焦虑障碍是全球范围内的常见心理健康问题，会影响患者的生活质量，降低生活的幸福指数。 1 研究背景 传统的焦虑状态识别方法是通过受试者的量表自测和临床医生的主观评估。这些方法受人的主观性影响较大，因此需要更客观的工具来提高焦虑状态识别的准确性。利用各种生理信号进行焦虑识别受到广大研...,邱江 王在俊 刘人杰,《电子技术》,2024年01期,"关键词：脑电信号 / 焦虑识别 / 数据处理 / 机器学习
下载（345）|被引（0）"
蛋白质计算中的机器学习  CNKI文献,"1 引言 蛋白质(protein)是生命的关键物质基础之一.研究它们对理解生命体系、探究生命进程和治疗疾病有着重大意义[1–3].由于时间与空间尺度、复杂度和可控性以及实验成本等原因,只依靠实验方法对蛋白质进行研究是不够的,用计算方法对蛋白质的研究可弥补实验研究的不足[4,5].对蛋白质实施计算研究主要有四种目的:研究蛋白质的结构、运动或相互作用细节(通常是通过分子动力学模拟)[6];给定蛋白质...",张嘉晖,《物理学报》,2024年06期,"关键词：蛋白质 / 机器学习 / 分子动力学模拟 / 结构预测
下载（592）|被引（5）"
机器学习、策略选择与供应链金融合谋行为：基于演化博弈视角的研究  CNKI文献,一、引言 “十四五”规划提出，加快发展现代产业体系。但是，随着世界经济全球化发展进程的加快，我国企业所面临的外部环境日益复杂，尤其是作为产业链、供应链中重要节点及国民经济重要组成部分之一的中小企业，其在履行创造就业岗位、促进科技创新、服务经济发展等社会责任的同时，也会面临自身融资需求与社会融资路径不适配的困境。回顾过去，金融危机期间的信贷紧缩曾致使许多供应商破产，并威胁到全球供应链的稳定[1]，...,任博 邱国栋,《金融理论与实践》,2023年12期,"关键词：机器学习 / 金融科技 / 供应链金融 / 合谋掩饰
下载（1271）|被引（1）"
基于机器学习的甜味剂分类预测模型研究进展  CNKI文献,1 简介 甜味是各种食物中最重要的味道之一，过量摄入糖类会增加不良健康状况的风险[1]。甜味剂的发现是食品领域的一场革命，使得生产无热量摄入的甜食成为可能[2]。甜味剂按来源可分为天然甜味剂和人工合成甜味剂。天然甜味剂是指从天然物质（通常是植物）中提取、分离出的甜味物质[3]。人工合成甜味剂，也称为糖替代品或非糖甜味剂，是指用作食品或饮料添加剂以替代糖的化合物[4]。甜味剂的安全性问题争议不断[...,林凡超 徐守江,《中国食品添加剂》,2024年01期,"关键词：甜味剂 / 机器学习 / 深度学习 / 分类
下载（738）|被引（2）"
机器学习在航空发动机钛合金研究中的应用进展  CNKI文献,弭光宝研究员，博士，研究方向为发动机钛火防控及高温钛合金。用密度泛函理论、蒙特卡洛随机算法和有限元方法对原子尺度和连续过程进行同步建模[4]。随着合金化元素种类增加，合金性能与组成元素的关系趋于复杂，各成分之间存在相互作用，对合金成分的设计和优化提出了更大的挑战。传统合金设计方法计算和试验成本高，新的合金成分设计和性能预测方法有待发展。近些年机器学习和数据科学快速发展，为各类合金成分设...,弭光宝 孙圆治 吴明宇 李培杰,《航空制造技术》,2024年Z1期,"关键词：航空发动机钛合金 / 机器学习 / 性能预测 / 合金成分优化
下载（472）|被引（1）"
机器学习驱动难熔高熵合金设计的现状与展望  CNKI文献,"随着航空航天、核反应堆、石油化工领域的迅速发展，对高温金属材料的性能提出了更为严苛的要求[1-2]。传统的镍基合金因其熔点偏低，需通过添加W,Mo等高熔点元素来提升其使用温度，但依然无法满足核反应堆、液体火箭发动机喷嘴、陆地燃气轮机等部件在超高温极端环境下的性能需求[2-3]。因此，迫切需要设计出具有更为优异力学性能和耐高温性能的新型合金。 [1-2] [2-3] 以难熔元素（如V,Cr,Z...",高田创 高建宝 李谦 张利军,《材料工程》,2024年01期,"关键词：难熔高熵合金 / 机器学习 / 相结构 / 力学性能
下载（1187）|被引（1）"
计量经济学中的机器学习方法：回顾与展望  CNKI文献,0 引言 计量经济学是以经济理论和实证数据为基础，借助数学和统计学工具预测和识别因果关系，为经济管理的实证研究提供理论支撑与方法工具的一门学科[1]。计量经济学的主要作用包括经济预测、验证理论和政策评价。计量经济学为各种互相竞争的经济理论提供“证伪”的契机，并为政策实施与政策评估提供科学决策依据。在推动经济学科学化的过程中，计量经济学发挥的作用不容忽视。在大数据时代，数据的形式和数量经历了翻天覆...,石荣 张特 杨国涛,《统计与决策》,2024年01期,"关键词：机器学习 / 计量经济学 / 大数据 / 因果推断
下载（3035）|被引（6）"
基于“3M”教学方法的机器学习课程改革与实践  CNKI文献,0 引言 在本科专业设置调整工作中，教育部明确提出引导高校用好学科交叉融合的“催化剂”，在科技发展前沿，以培养学生的高阶思维能力和问题解决能力为目标，创新推动学科交叉融合[1]，因此，解决教学中知识交叉融合并实现创新应用是一个共同难题和挑战[2]。在中国，很多高校已经成为拥有多元化学生群体的综合性组织，这使得在学生学习与开展教学活动时课堂环境要更有趣并具有挑战性[3-4]。 [1]...,唐静 王艳洁 王萌阳 张传扬 张晓明 郭一达 韩易霖,《计算机教育》,2024年01期,"关键词：机器学习 / 学科交叉融合 / 教学研究 / 以学生为中心
下载（173）|被引（1）"
基于机器学习的故障诊断方法研究综述  CNKI文献,随着我国工业技术的不断发展，工业机械和设备的整机复杂度不断提高。为了保障设备安全运行，必须对其进行有效的故障诊断。大量研究表明，故障诊断技术是发现机械设备早期故障的有效措施，可以为操作人员提供一定的决策经验，从而提前找出设备故障原因，避免重复出现同类故障，确保设备的工作效率，提高其可靠性。 随着计算机技术的不断发展，机器学习算法的性能在不同领域有所体现。在故障诊断中，机器学习@...,赵瑶瑶,《中国设备工程》,2024年01期,"关键词：机器学习 / 故障诊断 / 浅层学习
下载（1774）|被引（4）"
基于机器学习的水电能源发电效率预测与优化分析  CNKI文献,0 引言 随着全球能源需求的不断增长，新能源发电已经成为一种重要的能源来源。水电新能源发电作为一种可再生的能源形式，具有许多优点，如清洁、可调峰、可分布式等。然而，水电新能源发电的效率受到多种因素的影响，如水文条件、气象条件、设备状况等。因此，对水电新能源发电效率进行预测和优化，可以提高能源的利用效率，减少能源的浪费。 1 研究背景 水电新能源发电的定义和分类。水电新能源发电是指利用水资源进...,贺嘉坤,《集成电路应用》,2024年01期,"关键词：机器学习 / 水电系统 / 效率预测
下载（162）|被引（0）"
锂电池故障检测与机器学习算法应用  CNKI文献,0 引言 在医用电气设备中，采用锂电池作为能源已成为趋势。然而，由于电池的物理特性和工作环境的复杂性，锂电池故障可能会导致设备的性能下降甚至故障。因此，开发一种高效且准确的锂电池故障检测方法具有重要意义。机器学习算法具有适应性强、自动化程度高等特点，在故障检测领域展现出潜力。 1 研究背景 锂电池在医用电气设备中的应用。锂电池在医用电气设备中的应用是一个备受关注的研究领域。随着现...,魏皓 孙鹏 刘瑞瑞,《集成电路应用》,2024年01期,"关键词：数据处理 / 锂电池 / 故障检测 / 评估策略
下载（301）|被引（0）"
机器学习在智能物流研究中的应用进展与展望  CNKI文献,随着科学技术的不断发展，当今世界正掀起新一轮的产业革命。物流作为国民经济发展的基础产业和重要动脉，正面临着产业转型升级。传统的物流模式已不能满足人民日益增长的需求，物流正朝着自动化、智能化方向发展，智能物流的概念随之诞生。自动识别、人工智能、数据挖掘等技术为智能物流的发展提供了强大的驱动力[1]。其中在人工智能的研究中，学习被认为是一个关键的特征，机器学习也成为人工智能的重...,魏进 闫春雨 闫雪原,《物流科技》,2024年01期,"关键词：机器学习 / 智能物流 / 智能仓储 / 智能运输
下载（1045）|被引（2）"
基于机器学习的软件缺陷预测方法研究  CNKI文献,在数字化时代，软件已经成为企业和组织日常运营的核心。然而，软件缺陷的存在可能导致严重的业务中断和数据泄漏，从而损害组织的声誉和经济利益。本文旨在探索基于机器学习的软件缺陷预测方法，以提高软件质量，减少缺陷带来的高成本和高风险问题。 数据收集与管理 1.数据来源与获取 (1）数据来源。软件缺陷预测的数据有多个来源，最常见的数据源之一是版本控制系统，如Git或Subversion，它...,李睿宇,《网络安全和信息化》,2024年01期,"关键词：机器学习 / 缺陷预测
下载（350）|被引（2）"
新工科背景下“五融入”创新人才培养模式研究——以“机器学习”课程为例  CNKI文献,“新工科”于2016年6月由教育部首次提出，做好新工科建设是我国工程教育改革的重要方向，更是我国日后赢得国际竞争不可或缺的法宝。在中国共产党第二十次全国代表大会上，习近平总书记提出推动战略性新兴产业融合集群发展，构建新一代信息技术、人工智能等一批新的增长引擎[1]。大数据和云计算等技术不断发展，人工智能也发展迅猛，在此背景下，“机器学习”课程逐渐成了各高校人才培养方案的核心课程。推广“...,王兴梅 杨东梅 蔡成涛,《科教导刊》,2024年01期,"关键词：机器学习 / 人才培养 / 课程思政 / 校企合作
下载（204）|被引（0）"
机器学习在食品贮藏品质预测中的应用  CNKI文献,随着生活品质的提升与全民健康意识的增强，人们对食品需求量持续增大，对其品质要求不断提升[1-2]。然而，食品在生产、贮藏、流通过程中会受到多种因素的影响而导致其品质劣变，如常见的微生物腐败变质[3-4]、机械振动损伤[5-6]、蒸腾作用[7]、失水萎蔫[8]等。此外，我国仅果蔬在运输环节的年损失量就高达700亿元[2]，存在着巨大的食品浪费。因此，通过预测的手段并及时调整储运条件，从而精准调控食品...,代帅帅 吴伟杰 牛犇 房祥军 陈慧芝 陈杭君 郜海燕,《中国食品学报》,2023年12期,"关键词：食品品质 / 预测 / 机器学习 / 微生物
下载（1004）|被引（1）"
机器学习在政务服务中的应用与发展趋势  CNKI文献,机器学习的发展历程可以追溯到20世纪50年代，当时科学家们开始探索如何让计算机从数据中“学习”信息，而不依赖于预定方程模型。自那以来，机器学习技术得到了快速发展和广泛应用，涉及的领域包括图像识别、自然语言处理、推荐系统等。目前，机器学习技术的发展和应用已经深入到各个行业领域中，为人们的生活和工作带来了巨大的便利和效益。随着技术的不断进步和应用场景的不...,刘月强 王婷,《内蒙古科技与经济》,2023年24期,"关键词：机器学习 / 政务服务 / 应用场景 / 发展趋势
下载（125）|被引（0）"
积极心理学更智能：机器学习与自发生成数据集的新途径  CNKI文献,"一、引言 积极心理学(Positive Psychology, PP)以研究人类力量和美德等积极心理品质为纲领。自Seligman和Csikszentmihalyi[1]首次提出，积极心理学经过二十多年迅速发展，逐渐成为心理学领域重要分支。在心理学领域，积极心理学的代表人物已经将其建设性的观点融入到主流的心理学研究和讨论中[2],并向人文社会科学、神学、犯罪学、管理学、组织行为学以及医学[3-5...",彭凯平 童松 吴晟,《西北师大学报(社会科学版)》,2024年02期,"关键词：积极心理学 / 机器学习 / 自发生成数据集(NODS) / 计算智能
下载（1399）|被引（2）"
临床输血机器学习预测模型构建方法研究  CNKI文献,随着医疗技术和信息化的高速发展，国家质量管理平台、区域医疗中心、医疗机构的医疗系统都存储了海量的健康信息和医疗服务业务数据。在当前医疗环境下，合理高效利用医疗大数据，对于驱动智慧医疗和智慧医院建设、快速提升服务质量具有重要意义。临床输血是救治急危重症患者的重要手段，科学、安全、有效输血是保障医疗服务质量、提升临床治疗服务水平的重要部分。因此，充分挖掘临床输血医学大数据，筛选预测输血的有效特征，建立...,刘强 吴承高 熊伟 乐爱平 刘威,《中国高新科技》,2023年24期,"关键词：临床输血 / 特征选择 / 机器学习 / 预测模型
下载（113）|被引（0）"
基于机器学习的计算机网络设计与优化  CNKI文献,0 引言 在现代信息社会，计算机网络的设计与优化是确保数据传输效率和网络稳定性的关键。传统网络设计依赖网络工程师的经验和静态的规则设置，但是随着网络规模的扩大和复杂性的增加，这种方法已经难以应对快速变化的网络需求和复杂的性能优化问题。随着人工智能特别是机器学习技术的兴起，其在计算机网络领域的应用展现出巨大潜力。机器学习为网络设计和优化提供了一种动态、自适应的方法[1]。它...,修晓琴,《信息与电脑(理论版)》,2023年24期,"关键词：机器学习 / 计算机网络设计 / 网络优化
下载（77）|被引（0）"
机器学习在冲突预测方面的局限——基于对暴力预警系统的再检验与讨论  CNKI文献,一引言 暴力冲突尤其是大规模暴力冲突对任何社会都会带来灾难性后果，除阻碍经济增长外还会导致大量人员伤亡并引发难民潮。研究者通过模拟五种“共享社会经济路径（SSP）”，揭示了暴力冲突对人均国内生产总值（GDP）的影响，认为不同场景下的冲突会使全球经济的增长率下降20%—30%。(1)根据乌普萨拉冲突数据项目(UCDP)的编码，暴力冲突分为国家冲突(SB)、国内非政府力量冲突(NS)和针对平民的暴力...,刘辰辉 唐世平,《世界经济与政治》,2023年12期,"关键词：机器学习 / 冲突预测 / 社会结果 / 非洲地区冲突
下载（937）|被引（3）"
基于机器学习的中国区块链专利技术主题识别与自动分类研究  CNKI文献,区块链技术早期（2008年）作为比特币底层技术框架由中本聪提出[1]。区块链技术又称分布式共享账本技术[2]，是分布式数据存储、点对点传输、共识机制、加密算法等技术集成应用形成的颠覆性创新技术[3]。2019年10月，中共中央政治局就区块链技术发展现状和趋势进行第十八次集体学习，习近平总书记在主持学习时强调，区块链技术的集成应用在新的技术革新和产业变革中起着重要作用，要把区...,胡泽文 王梦雅 韩雅蓉,《数字图书馆论坛》,2023年12期,"关键词：LDA主题模型 / 机器学习 / 区块链 / 主题识别
下载（569）|被引（0）"
基于机器学习的散料输送自动化优化研究  CNKI文献,随着科技的不断进步，散料输送技术不断发展。智能控制技术、新型材料、物联网技术以及机器学习算法广泛应用于散料输送，使得散料输送更智能便捷，效率更高，更可靠。以机器学习算法为例，在散料输送自动化领域，深度学习和强化学习等具有广泛的应用价值[1-2]。深度学习可以用于感知环节，通过神经网络对传感器数据进行模式识别和特征提取，从而准确感知散料状态...,方波,《现代制造技术与装备》,2023年12期,"关键词：机器学习 / 散料输送 / 自动化
下载（32）|被引（0）"
结构状态识别与评估的机器学习方法研究进展  CNKI文献,"1 引言 结构健康监测通过在大型基础设施上布置传感器,现场感知、识别和诊断结构的健康状态,已经成为保障基础设施服役安全的重要途经.结构健康监测多源异构数据蕴含着丰富的结构信息,如何挖掘这些信息,进行结构的状态识别、诊断与评估是结构健康监测的核心科学问题(李惠等2015).土木工程结构规模大、尺度大、构造复杂,通过监测数据识别和评估结构状态是具有挑战的难点问题.结构状态识别与评估本质是反问题,同时...",黄永 鲍跃全 李惠,《力学进展》,2023年04期,"关键词：结构损伤识别 / 模态识别 / 安全评定 / 机器学习
下载（2432）|被引（4）"
构造机器学习项目课程的混合式教学实践  CNKI文献,0 引言 《构造机器学习项目》是我院电子信息专业人工智能方向的专业课程之一，课程教学旨在提炼并重组机器学习过程的核心知识与技术，建立机器学习相关领域的成套理论体系与技术链条，并在不断完备的学科体系中发现或创造新的机器学习项目。 开课之初，课程组借鉴了斯坦福大学吴恩达教授在Coursera平台开设的人工智能系列在线课程的教学模式，重构课程教学资源并...,张婧婧 徐金 郭钊汝 穆妮热,《电子技术》,2023年12期,"关键词：混合式教学 / 案例教学 / 机器学习 / 定等分级模型
下载（69）|被引（1）"
机器学习在生态环境损害鉴定评估领域的应用前景  CNKI文献,随着生态环境损害赔偿制度与环境公益诉讼制度的相继建立，我国进入生态环境损害鉴定评估工作高速发展时代，各地区发生的生态环境损害类案件不断增多，其鉴定评估工作成为环境司法审判的热点及难点问题。近几年，随着Chat GPT的横空出世，越来越多研究学者开始关注机器学习在各领域中的应用前景。机器学习在数据挖掘、图像处理、文本处理领域的应用可以在生态环境损害鉴定评估工作中的各个环节中发...,武子豪 吴礼滨 洪伟 丁泽聪 易皓 张晓园 曾子龙 崔恺,《农业环境科学学报》,2023年12期,"关键词：生态环境损害鉴定评估 / 机器学习 / 图像识别 / 自然语言处理
下载（340）|被引（2）"
基于机器学习的软件质量预测技术综述  CNKI文献,0 引言 在软件发布之前，软件质量验证过程被认为是一个非常重要的过程，软件质量是指软件在特定工作环境中的性能表现，同时考虑到故障时所需维护的时间、工作量和成本，质量评价有两个维度：一是内在品质，二是外在品质。内部质量反映了软件产品的质量，包括从需求规范到设计生命周期的质量[1]。 [1] 软件质量预测是软件开发人员通过对软件的需求和功能预测，将开发的软件和服务进行标准化处理和管理，进而形成稳...,姚日煌 高海洋 周聪 洪智学,《电子产品可靠性与环境试验》,2023年06期,"关键词：软件工程 / 软件质量 / 机器学习 / 软件质量预测
下载（274）|被引（0）"
机器学习在食品工业中的应用  CNKI文献,随着人口增长以及人们对健康食品的需求日益增加，食品加工中的质量安全问题越来越受到重视。食品加工是指将天然的动、植物等原料加工为食品，或将一种形式的食品加工为更适合现代人饮食习惯的其它形式的食品。据联合国粮食及农业组织（FAO）的数据显示，到2050年，全球人口可能增长到91亿左右[1]。为了满足日益增长的人口对多种食品的需求，将新型的技术应用于食品领域的研究必不可少。 [1] 使用人工智能~#...,姚仁朋 孙玉敬 赵圆 孟瑞锋,《中国食品学报》,2024年01期,"关键词：机器学习 / 神经网络 / 食品工业 / 食品分级
下载（2160）|被引（5）"
机器学习辅助金属材料力学性能预测  CNKI文献,0 引言 金属在人类日常生活中扮演着不可或缺的角色，贯穿着人们的衣食住行各个方面。随着社会的进步和科学技术的发展，人们对金属的需求不再仅仅是单纯的实用性要求，而是对性能卓越、具有广阔应用前景的多功能复合合金的追求[1-3]。传统基于经验的“试错法”进行多功能复合合金研发，其所需的时间和成本庞大，而且实验结果也并不能完全达到预期目标[4]。因此，需要探索一种新的方法，以加速多功能复合合金的研发。以...,程洪 葛美伶 司天宇 张欢 何忠平,《材料研究与应用》,2023年06期,"关键词：金属材料 / 机器学习 / 性能预测 / 合金设计
下载（991）|被引（1）"
面向开放环境的机器学习理论研究进展  CNKI文献,机器学习是人工智能领域的重要分支，其理论和方法是解决人工智能问题的关键基础之一.近年来在大数据、云计算、硬件加速等新方法新技术以及经济社会发展重大需求的共同驱动下，机器学习研究发展进入新阶段.尤其是迅速发展的深度学习、强化学习等方法，在计算机视觉、语音识别、自然语言处理、博弈决策等智能感知和决策问题上都展现出超过传统方法的性能，甚至超过人类水平[1]...,袁晓彤 张煦尧 刘希 程真 刘成林,《模式识别与人工智能》,2023年12期,"关键词：机器学习 / 开放环境 / 泛化理论 / 优化理论
下载（373）|被引（2）"
机器学习使用作品的著作权风险与化解的法律路径  CNKI文献,一、机器学习使用作品的著作权风险分析 在机器学习中，传统的预先规划操作流程被一种自主学习的机制替代，使得机器能够从数据中自主学习和提取模式、规律和知识。与传统的计算机学习不同，机器学习更加灵活和自主，不再需要人工干预来确定学习对象和特征，而是通过算法进行自动的特征选择和模型构建。(1)机器学习@...,陈诺 杨兴,《南海法学》,2023年06期,"关键词：机器学习 / 著作权 / 合理使用
下载（440）|被引（0）"
机器学习在肾结石诊断与成分分析中的应用综述  CNKI文献,0 引言 肾结石是一种常见的泌尿系统疾病，患者会出现尿频、尿急、尿痛等症状。在我国成年人肾结石发病率中，男性约6.5%，女性约5.1%[1]，且目前肾结石的发病率仍有着升高的趋势[2]。肾结石形成机制尚未完全阐明。近年来，人工智能得到各大学者的热切关注，机器学习是人工智能的子领域，允许计算机在没有明确编程的情况下从数据中学习并找出相关的模式，并利用这些模式进行疾病的预测和...,杨伟明 陈光耀,《医疗卫生装备》,2023年12期,"关键词：机器学习 / 肾结石 / 危险因素 / 早期诊断
下载（136）|被引（0）"
机器学习在中药提取工序中的应用  CNKI文献,1 引 言 随着中医药“走出去”步入快车道发展，我国对中药生产制造提出了更高的要求。《“十四五”中医药发展规划》中指出：提升中药产业发展水平需要加快中药制造业数字化、网络化、智能化建设，加强技术集成和工艺创新，提升中药装备制造水平，加速中药生产工艺、流程的标准化和现代化[1]。然而，由于我国在中药生产现代化研究方面起步较晚，整体现代化水平较低，导致我国中药在国际市场的竞争力较弱，以2021年我...,蔡馨燕 陈忠鑫,《山东师范大学学报(自然科学版)》,2023年04期,"关键词：机器学习 / 中药 / 提取工序 / 生产过程理解
下载（214）|被引（1）"
机器学习与知识图谱在藏医药领域的应用研究  CNKI文献,随着人们进一步开发人工智能技术。医疗领域机器学习技术的应用日益受到重视。被广泛应用于医疗数据分析、诊断决策、疾病预测等多个领域。在医疗数据分析方面，机器学习技术可以从大数据中提取出有用信息，可以有效地实现分类、聚类、连续量推断等功能。在诊断决策方面，机器学习技术可以支持医疗决策的客观性和准确性，有助于提高历史诊疗数据的价值和从数据中获取准确有效的推断信息。在疾病...,普布玉珍 高屹,《西藏科技》,2023年12期,"关键词：机器学习 / 知识图谱 / 藏医药 / 数据挖掘
下载（294）|被引（1）"
机器学习在老年人跌倒预测和监测中应用的系统评价  CNKI文献,在中国，跌倒已成为≥65岁老年人非故意伤害死亡的首位原因[1]。2018年全国疾病监测系统死因监测结果[2]显示，我国≥65岁老年人跌倒的死亡率为63.83/10万，占该年龄人群全部伤害死因的39.72%。研究[3]显示，风险评估及监测是预防跌倒的关键，但目前跌倒风险监测系统的开发仍处在初始阶段。跌倒是年龄、健康状态、下肢力量、心理因素、药物应用等多因素、多层次之间的交互作用结果，各因素之间相互影...,罗园 张华 张孟喜 邓雨茜 冉海烨 刘佳欣 赵丽萍,《中华护理教育》,2023年12期,"关键词：机器学习 / 跌倒 / 老年人 / 系统评价
下载（855）|被引（0）"
